Unnamed: 0,carat,cut,color,clarity,depth,table,price,x,y,z
16,0.32,Premium,E,I1,60.9,58.0,345,4.38,4.42,2.68
19,0.3,Good,J,SI1,63.8,56.0,351,4.23,4.26,2.71
21,0.3,Good,I,SI2,63.3,56.0,351,4.26,4.3,2.71
43,0.26,Good,D,VS2,65.2,56.0,403,3.99,4.02,2.61
53,0.32,Ideal,I,SI1,60.9,55.0,404,4.45,4.48,2.72
62,0.3,Premium,D,SI1,62.6,59.0,552,4.23,4.27,2.66
115,0.73,Ideal,F,VS2,62.6,56.0,2762,5.77,5.74,3.6
175,0.7,Ideal,E,SI1,62.7,55.0,2774,5.68,5.74,3.58
244,0.77,Good,F,SI1,64.2,52.0,2789,5.81,5.77,3.72
270,0.7,Ideal,F,VS1,62.2,56.0,2792,5.73,5.68,3.55
374,0.81,Very Good,F,SI1,63.1,59.0,2809,5.85,5.79,3.67
380,0.74,Ideal,D,SI2,61.7,55.0,2810,5.81,5.85,3.6
432,0.75,Premium,E,SI1,61.1,59.0,2814,5.86,5.83,3.57
473,1.0,Fair,H,SI2,65.3,62.0,2818,6.34,6.12,4.08
505,0.7,Good,E,SI1,61.4,64.0,2822,5.71,5.66,3.49
602,0.7,Very Good,E,SI1,63.5,59.0,2838,5.53,5.49,3.5
691,0.74,Ideal,G,SI1,61.3,55.0,2852,5.85,5.86,3.59
819,0.72,Premium,E,SI1,60.9,60.0,2863,5.78,5.74,3.51
1019,0.75,Ideal,G,SI1,61.6,55.0,2902,5.82,5.86,3.6
1047,0.7,Ideal,F,VS2,62.3,53.0,2907,5.69,5.73,3.56
1068,0.31,Ideal,I,VS2,59.9,57.0,558,4.4,4.38,2.63
1183,0.9,Very Good,E,SI2,58.7,63.0,2930,6.23,6.2,3.65
1201,0.8,Premium,H,VS1,62.0,60.0,2935,5.92,5.86,3.65
1307,0.7,Very Good,F,VS2,62.4,57.0,2956,5.67,5.71,3.55
1320,0.98,Fair,F,SI2,61.6,66.0,2958,6.46,6.24,3.92
1390,0.24,Ideal,G,VVS1,62.2,56.0,559,4.0,4.04,2.5
1450,0.91,Ideal,I,SI2,63.0,54.0,2976,6.17,6.12,3.86
1528,1.02,Fair,H,I1,61.5,60.0,2999,6.4,6.34,3.92
1695,0.92,Fair,I,VS2,64.4,58.0,3033,6.13,6.1,3.94
1742,0.76,Ideal,H,VS2,61.4,57.0,3038,5.85,5.88,3.6
1770,0.91,Premium,G,SI2,60.1,62.0,3047,6.24,6.2,3.73
1845,0.7,Very Good,E,VS1,62.2,57.0,3063,5.63,5.68,3.52
1889,0.7,Very Good,D,SI1,62.4,57.0,3075,5.64,5.67,3.53
1980,0.7,Ideal,D,VS2,62.3,55.0,3092,5.67,5.7,3.54
1984,0.72,Ideal,E,VVS2,62.1,57.0,3093,5.76,5.74,3.57
1998,1.29,Good,I,I1,64.2,54.0,3098,6.93,6.83,4.42
2034,0.9,Good,H,SI2,64.1,58.0,3105,6.05,6.02,3.87
2093,0.78,Very Good,G,VS2,62.6,58.0,3113,5.81,5.89,3.66
2179,0.8,Premium,G,VS2,59.6,59.0,3136,6.09,6.0,3.6
2181,1.0,Premium,E,I1,62.3,58.0,3136,6.38,6.33,3.96
2190,0.71,Ideal,D,VS2,62.3,56.0,3137,5.68,5.72,3.55
2413,0.74,Very Good,E,VS2,61.8,58.0,3180,5.79,5.82,3.59
2486,0.73,Ideal,D,SI1,62.4,53.0,3195,5.79,5.82,3.62
2500,0.73,Ideal,E,VS2,62.2,59.0,3198,5.74,5.77,3.58
2503,0.83,Ideal,F,SI1,62.1,55.0,3198,6.05,6.0,3.74
2548,0.83,Very Good,F,SI1,63.0,55.0,3207,5.95,5.96,3.75
2560,0.8,Ideal,D,SI2,61.9,54.0,3210,5.95,6.0,3.7
2562,0.71,Ideal,G,VVS1,62.6,56.0,3210,5.65,5.69,3.55
2593,0.9,Very Good,F,SI2,62.8,54.0,3217,6.05,6.15,3.83
2600,0.77,Ideal,E,SI1,61.6,57.0,3218,5.91,5.87,3.63
2792,0.78,Very Good,D,SI1,62.5,58.0,3258,5.86,5.89,3.67
2924,1.03,Premium,I,SI1,58.4,60.0,3288,6.6,6.58,3.85
2995,0.9,Good,I,VS2,63.8,55.0,3303,6.07,6.16,3.9
3083,1.02,Premium,H,SI2,58.3,59.0,3313,6.61,6.57,3.84
3111,0.53,Ideal,E,VVS1,61.5,54.0,3323,5.23,5.25,3.22
3123,0.78,Ideal,G,VS2,62.6,57.0,3325,5.87,5.91,3.69
3176,0.81,Ideal,E,SI1,61.3,57.0,3338,6.08,6.03,3.71
3357,0.71,Ideal,E,VS2,61.6,56.0,3381,5.71,5.75,3.53
3426,0.7,Ideal,G,VS1,60.6,57.0,3384,5.73,5.79,3.5
3453,0.74,Ideal,G,VVS1,62.1,56.0,3388,5.78,5.82,3.6
3479,1.05,Very Good,J,SI2,60.9,60.0,3395,6.51,6.59,3.99
3488,0.9,Very Good,I,VS2,62.4,58.0,3398,6.12,6.16,3.83
3573,0.96,Very Good,D,SI2,60.2,63.0,3419,6.36,6.3,3.81
3581,1.01,Premium,J,SI2,63.0,60.0,3421,6.38,6.31,4.0
3597,1.09,Good,G,SI2,57.4,61.0,3424,6.82,6.75,3.89
3606,1.0,Fair,J,SI1,64.9,58.0,3427,6.29,6.23,4.06
3607,1.0,Very Good,G,SI2,58.2,63.0,3427,6.53,6.49,3.79
3719,0.9,Good,F,SI2,63.9,55.0,3453,6.15,6.12,3.92
3727,0.3,Good,D,VS2,63.1,58.0,568,4.26,4.3,2.7
3745,0.3,Premium,F,VS1,61.0,58.0,570,4.33,4.36,2.65
3821,0.73,Ideal,E,VS2,61.7,57.0,3470,5.75,5.78,3.55
3886,1.01,Good,E,I1,61.5,65.0,3484,6.28,6.21,3.84
4040,1.0,Good,I,SI2,63.9,60.0,3528,6.3,6.26,4.01
4057,0.36,Ideal,G,SI1,61.5,54.0,571,4.6,4.63,2.84
4060,0.32,Ideal,G,SI1,62.6,55.0,571,4.41,4.38,2.75
4065,0.31,Ideal,D,SI1,62.3,54.0,571,4.33,4.37,2.71
4163,0.92,Premium,D,SI2,62.5,59.0,3550,6.24,6.2,3.89
4322,0.9,Very Good,G,SI1,61.6,59.0,3597,6.13,6.19,3.8
4335,1.05,Premium,G,SI2,60.7,61.0,3599,6.56,6.52,3.97
4421,0.7,Ideal,E,VS2,61.7,55.0,3612,5.7,5.74,3.53
4451,0.91,Premium,F,SI2,61.4,60.0,3618,6.23,6.21,3.82
4457,1.01,Good,I,VS2,63.6,57.0,3620,6.3,6.21,3.98
4510,0.74,Ideal,E,VVS2,61.9,57.0,3633,5.79,5.81,3.59
4645,0.9,Good,G,SI1,63.7,60.0,3669,6.11,6.07,3.88
4721,0.37,Ideal,F,SI2,60.9,56.0,572,4.65,4.68,2.84
4743,0.9,Very Good,G,SI1,63.0,57.0,3681,6.13,6.19,3.88
4764,0.9,Good,D,SI1,64.1,56.0,3689,6.07,6.04,3.88
4781,0.97,Ideal,H,SI2,61.6,55.0,3694,6.37,6.32,3.91
4831,0.85,Very Good,F,VS2,62.2,56.0,3705,6.01,6.08,3.76
4862,1.0,Premium,J,SI1,60.8,58.0,3712,6.39,6.44,3.9
4891,0.71,Premium,D,VS1,59.2,59.0,3718,5.9,5.85,3.48
4919,0.7,Ideal,G,VVS2,61.6,57.0,3725,5.74,5.71,3.53
4947,1.01,Ideal,F,SI2,62.4,56.0,3733,6.44,6.38,4.0
4979,0.8,Very Good,H,VVS1,61.9,56.0,3737,5.93,5.96,3.69
4980,1.01,Good,E,SI2,63.9,58.0,3737,6.37,6.31,4.05
5075,0.9,Fair,F,VS2,65.7,57.0,3750,6.03,5.99,3.95
5139,1.0,Premium,I,VS1,60.1,62.0,3763,6.5,6.47,3.9
5160,0.9,Good,F,SI2,58.0,57.0,3770,6.34,6.41,3.7
5169,0.91,Very Good,E,SI2,63.0,56.0,3772,6.12,6.16,3.87
5193,0.91,Very Good,G,VS2,62.7,63.0,3776,6.05,6.0,3.78
5272,0.79,Very Good,E,VVS1,63.1,60.0,3796,5.88,5.84,3.7
5279,0.79,Very Good,D,VS1,58.8,60.0,3798,6.03,6.08,3.56
5354,0.73,Fair,E,VVS2,57.4,59.0,3813,5.99,5.95,3.43
5480,0.9,Premium,H,VS1,63.0,62.0,3838,6.09,6.0,3.81
5517,0.72,Ideal,G,VVS2,61.9,57.0,3849,5.72,5.75,3.55
5583,1.12,Ideal,E,SI2,60.9,57.0,3864,6.66,6.6,4.04
5588,1.19,Ideal,H,I1,60.3,57.0,3864,6.93,6.83,4.15
5717,0.27,Very Good,E,VVS2,61.9,58.0,575,4.1,4.14,2.55
5941,0.9,Good,E,SI1,62.6,62.0,3945,6.15,6.18,3.86
6007,1.01,Good,I,SI1,63.6,55.0,3959,6.39,6.31,4.04
6036,0.32,Ideal,I,VVS1,61.4,56.0,575,4.42,4.44,2.72
6046,0.32,Ideal,E,SI2,62.7,57.0,576,4.37,4.34,2.73
6079,1.09,Premium,I,SI1,61.9,58.0,3968,6.65,6.58,4.1
6109,1.0,Premium,F,SI2,62.4,56.0,3977,6.35,6.31,3.95
6111,1.11,Premium,I,SI1,61.9,58.0,3978,6.63,6.61,4.1
6166,1.01,Fair,F,SI1,66.8,60.0,3991,6.21,6.13,4.12
6173,0.9,Very Good,F,SI1,59.6,63.0,3992,6.24,6.17,3.7
6222,1.01,Good,F,SI2,63.1,58.0,4004,6.34,6.38,4.01
6630,0.92,Good,D,SI1,63.6,57.0,4086,6.14,6.09,3.89
6646,1.06,Ideal,I,SI2,61.3,56.0,4092,6.55,6.59,4.03
6815,1.01,Fair,E,SI2,64.7,55.0,4118,6.37,6.3,4.1
6834,1.01,Good,I,VS2,62.8,59.0,4121,6.34,6.4,4.0
6885,1.2,Premium,I,VS2,61.3,60.0,4131,6.79,6.75,4.15
6943,0.82,Very Good,F,VVS2,63.1,59.0,4141,5.91,5.97,3.75
7062,0.33,Premium,I,VVS2,61.0,59.0,579,4.41,4.44,2.7
7079,0.33,Premium,H,VS1,62.1,59.0,579,4.43,4.46,2.76
7090,0.9,Good,E,SI1,58.3,61.0,4165,6.24,6.29,3.65
7126,0.9,Very Good,H,VS2,62.7,59.0,4173,6.11,6.17,3.85
7184,0.96,Very Good,E,SI2,62.6,60.0,4186,6.26,6.32,3.94
7209,0.9,Ideal,E,SI2,62.2,55.0,4191,6.19,6.22,3.86
7230,0.9,Ideal,H,VS1,61.8,56.0,4194,6.18,6.24,3.84
7361,1.0,Good,G,SI1,63.1,56.0,4218,6.31,6.41,4.01
7400,0.33,Premium,I,VVS2,62.2,59.0,579,4.41,4.47,2.76
7501,0.91,Ideal,G,SI1,62.1,57.0,4240,6.2,6.23,3.86
7520,1.01,Premium,I,SI1,61.8,59.0,4242,6.44,6.37,3.96
7714,0.33,Ideal,G,VS2,61.2,55.0,579,4.46,4.49,2.74
7752,1.02,Ideal,I,VS2,62.7,56.0,4281,6.37,6.43,4.01
7754,0.64,Ideal,D,VVS1,61.5,56.0,4281,5.57,5.59,3.43
7797,1.04,Ideal,H,SI2,61.1,56.0,4290,6.6,6.66,4.05
7814,1.01,Very Good,J,SI1,62.2,57.0,4295,6.35,6.39,3.96
7881,0.9,Very Good,G,VS2,63.3,54.0,4309,6.19,6.11,3.89
7885,1.21,Premium,F,SI2,62.4,60.0,4310,6.77,6.73,4.21
7938,1.05,Premium,G,SI2,61.3,58.0,4318,6.6,6.55,4.03
8143,1.08,Premium,I,SI1,60.5,60.0,4355,6.67,6.61,4.02
8148,1.01,Good,F,SI1,63.6,58.0,4355,6.36,6.28,4.02
8187,1.5,Fair,I,I1,71.3,58.0,4368,6.85,6.81,4.87
8337,1.01,Premium,G,SI1,58.8,58.0,4395,6.59,6.51,3.85
8346,1.02,Very Good,E,SI2,62.8,55.0,4398,6.4,6.43,4.03
8445,1.01,Very Good,I,SI1,63.5,59.0,4412,6.36,6.31,4.02
8446,1.01,Premium,H,VS2,62.3,58.0,4412,6.45,6.36,3.99
8604,1.07,Ideal,H,SI2,61.8,56.0,4442,6.58,6.63,4.08
8616,0.8,Good,E,VS1,60.2,54.0,4444,6.04,6.01,3.63
8643,1.0,Ideal,F,SI2,61.2,57.0,4452,6.48,6.39,3.94
8735,0.9,Premium,G,VS1,62.3,60.0,4460,6.08,6.0,3.76
8866,0.92,Fair,E,SI1,66.8,55.0,4482,6.04,5.99,4.02
8999,0.93,Ideal,E,SI1,61.9,55.0,4511,6.26,6.31,3.89
9031,0.27,Ideal,D,VVS2,61.5,56.0,586,4.15,4.18,2.56
9079,1.08,Ideal,I,SI1,62.1,59.0,4521,6.57,6.53,4.07
9160,1.01,Very Good,E,SI2,60.0,60.0,4540,6.57,6.49,3.92
9288,0.92,Ideal,H,VS2,62.2,55.0,4568,6.21,6.27,3.88
9330,0.9,Very Good,E,VS2,59.1,62.0,4580,6.24,6.28,3.7
9444,1.0,Ideal,D,SI1,63.0,56.0,4592,6.33,6.28,3.97
9488,1.01,Very Good,D,SI2,62.7,58.0,4606,6.31,6.39,3.98
9505,1.09,Ideal,J,SI1,60.7,58.0,4611,6.64,6.68,4.04
9538,1.01,Good,E,SI1,63.2,59.0,4619,6.25,6.28,3.96
9553,1.26,Ideal,I,SI2,59.6,57.0,4620,7.01,7.04,4.19
9765,0.9,Very Good,H,VS2,62.6,57.0,4662,6.11,6.09,3.82
9809,1.01,Very Good,H,SI1,63.3,56.0,4669,6.35,6.39,4.03
9833,1.01,Premium,D,SI2,60.3,57.0,4672,6.56,6.51,3.94
9858,1.02,Premium,F,SI1,63.0,58.0,4678,6.4,6.36,4.02
9882,0.9,Good,D,VS2,65.8,58.0,4682,5.99,6.01,3.95
9905,0.9,Premium,F,VS1,59.0,58.0,4687,6.33,6.29,3.72
10062,0.35,Good,F,SI2,63.8,56.0,591,4.48,4.45,2.85
10073,0.35,Premium,J,VS1,62.2,58.0,591,4.54,4.49,2.81
10120,1.02,Premium,D,SI2,61.5,56.0,4718,6.51,6.47,3.99
10168,1.5,Good,G,I1,64.0,61.0,4731,7.15,7.04,0.0
10337,1.02,Ideal,H,SI2,61.4,58.0,4766,6.47,6.52,3.99
10392,0.31,Premium,G,SI1,61.8,60.0,593,4.35,4.32,2.68
10528,1.23,Ideal,I,SI2,60.6,57.0,4805,6.97,6.88,4.2
10625,1.07,Ideal,H,SI1,62.0,57.0,4830,6.51,6.56,4.05
10658,1.0,Good,G,VS2,56.7,62.0,4838,6.64,6.59,3.75
10741,1.01,Very Good,J,VVS2,62.2,56.0,4850,6.37,6.42,3.98
10836,1.09,Premium,H,SI1,61.8,58.0,4871,6.63,6.58,4.08
10883,1.21,Ideal,I,SI2,64.6,56.0,4879,6.67,6.62,4.29
10922,1.2,Very Good,J,SI1,61.3,59.0,4891,6.83,6.9,4.21
10984,1.04,Very Good,H,VS2,63.2,58.0,4911,6.45,6.42,4.07
10988,1.01,Very Good,E,SI1,62.4,60.0,4912,6.32,6.35,3.95
10992,1.21,Premium,H,SI2,62.9,58.0,4913,6.74,6.69,4.23
11025,1.18,Premium,H,VS2,61.1,60.0,4916,6.8,6.76,4.14
11028,1.02,Ideal,H,SI2,62.5,53.0,4918,6.43,6.47,4.03
11033,1.0,Very Good,G,SI1,61.4,57.0,4919,6.45,6.42,3.95
11037,1.06,Premium,I,VS1,62.4,55.0,4920,6.57,6.5,4.08
11055,0.28,Very Good,D,VVS1,60.3,62.0,596,4.22,4.24,2.55
11169,1.07,Premium,D,SI2,62.6,61.0,4949,6.49,6.42,4.04
11239,1.01,Premium,H,SI1,61.8,59.0,4965,6.41,6.37,3.95
11275,1.11,Premium,H,SI2,61.9,59.0,4973,6.6,6.56,4.07
11302,1.04,Premium,H,SI1,62.6,59.0,4980,6.47,6.43,4.04
11339,1.01,Very Good,F,SI1,63.3,59.0,4989,6.42,6.38,4.05
11381,0.4,Good,G,SI2,63.1,59.0,596,4.65,4.7,2.95
11402,1.04,Premium,H,SI1,61.0,58.0,4999,6.54,6.6,4.01
11443,0.72,Ideal,F,VVS1,60.8,56.0,5006,5.81,5.83,3.54
11518,0.91,Ideal,G,VS2,61.4,57.0,5023,6.23,6.28,3.84
11561,1.09,Ideal,J,SI2,62.0,55.0,5034,6.58,6.64,4.1
11632,1.0,Very Good,E,SI1,63.3,57.0,5051,6.3,6.36,4.01
11674,1.05,Premium,D,SI2,60.4,57.0,5057,6.6,6.55,3.97
11755,1.01,Very Good,F,SI1,62.4,60.0,5078,6.35,6.4,3.98
11807,1.01,Premium,H,SI1,62.3,58.0,5090,6.44,6.4,4.0
11820,1.16,Ideal,E,SI2,59.9,57.0,5093,6.82,6.8,4.08
11859,1.05,Ideal,D,SI1,60.0,55.0,5104,6.66,6.61,3.98
11968,1.33,Fair,F,SI2,64.5,58.0,5139,6.97,6.86,4.46
11993,1.14,Ideal,H,SI1,61.6,57.0,5146,6.68,6.73,4.13
12017,1.26,Premium,I,SI2,60.1,59.0,5151,7.0,6.91,4.18
12107,1.01,Ideal,H,VS2,62.7,56.0,5166,6.35,6.4,4.0
12158,0.91,Ideal,F,SI1,62.0,55.0,5176,6.21,6.24,3.86
12173,1.18,Ideal,J,VS1,61.7,56.0,5182,6.79,6.82,4.2
12196,1.04,Ideal,H,VS2,61.0,57.0,5189,6.56,6.53,3.99
12207,1.11,Very Good,H,SI1,63.2,58.0,5192,6.53,6.61,4.15
12276,1.26,Good,J,VS2,63.2,57.3,5211,6.81,6.86,4.32
12307,1.09,Ideal,H,SI1,62.5,56.0,5219,6.58,6.53,4.1
12314,1.0,Premium,F,SI1,62.3,59.0,5221,6.44,6.36,3.99
12411,1.05,Very Good,H,VS2,63.3,58.0,5236,6.42,6.48,4.08
12430,1.03,Ideal,G,SI1,61.7,56.0,5241,6.5,6.47,4.0
12468,1.02,Premium,G,VS2,61.5,59.0,5250,6.4,6.45,3.95
12511,0.92,Good,D,SI1,60.2,56.0,5259,6.28,6.32,3.79
12694,0.4,Ideal,J,VS2,62.6,57.0,599,4.68,4.71,2.94
12811,1.06,Ideal,G,SI1,62.0,57.0,5342,6.54,6.5,4.04
12821,1.02,Ideal,G,VS2,62.4,57.0,5346,6.47,6.36,4.0
12841,1.03,Very Good,G,SI1,59.4,60.0,5353,6.61,6.66,3.94
12855,0.92,Premium,E,VS1,60.9,61.0,5358,6.25,6.22,3.8
12985,1.25,Premium,J,VS2,62.2,59.0,5396,6.88,6.86,4.27
13005,1.21,Premium,G,SI2,62.7,59.0,5405,6.74,6.66,4.2
13059,1.01,Very Good,E,SI1,62.8,57.0,5411,6.35,6.39,4.0
13133,1.15,Premium,H,SI1,62.0,58.0,5433,6.77,6.71,4.18
13160,1.01,Good,D,SI1,63.1,60.0,5443,6.32,6.39,4.01
13164,1.24,Ideal,J,VS2,62.3,56.0,5443,6.84,6.91,4.28
13190,1.18,Ideal,G,SI2,60.5,55.0,5452,6.9,6.85,4.16
13217,1.2,Good,I,SI1,64.4,61.0,5458,6.52,6.59,4.22
13238,1.05,Premium,H,VS2,62.7,59.0,5468,6.49,6.43,4.05
13253,1.1,Premium,H,SI1,60.7,59.0,5476,6.72,6.7,4.07
13308,1.19,Ideal,E,SI2,61.9,56.0,5497,6.8,6.84,4.22
13361,0.24,Very Good,F,VS2,62.4,58.0,419,3.98,4.0,2.49
13443,1.24,Ideal,G,SI2,61.4,56.0,5520,6.98,6.92,4.27
13564,1.16,Premium,H,SI1,61.2,57.0,5554,6.84,6.76,4.16
13672,0.88,Ideal,E,VS2,61.4,56.0,5595,6.15,6.17,3.78
13682,1.01,Premium,E,SI1,62.6,58.0,5599,6.32,6.3,3.95
13714,0.3,Ideal,E,VS2,62.3,56.0,603,4.27,4.3,2.67
13720,0.3,Ideal,F,VS1,62.3,56.0,603,4.26,4.28,2.66
13784,1.28,Premium,E,SI2,62.5,58.0,5620,6.93,6.89,4.32
13846,1.19,Very Good,I,VS1,59.9,61.0,5644,6.85,6.91,4.12
13883,1.1,Premium,H,VS2,61.4,58.0,5652,6.68,6.62,4.08
13921,1.2,Very Good,G,SI1,63.2,59.0,5665,6.77,6.74,4.27
13955,1.09,Premium,H,VS2,60.0,56.0,5677,6.73,6.68,4.02
14028,1.01,Ideal,D,SI1,62.0,55.0,5702,6.39,6.45,3.98
14029,1.16,Premium,H,SI1,62.8,57.0,5702,6.73,6.67,4.21
14039,1.02,Good,G,VS1,57.3,59.0,5706,6.71,6.65,3.83
14090,1.23,Ideal,F,SI2,62.8,57.0,5715,6.74,6.86,4.27
14314,1.0,Ideal,F,SI2,62.4,57.0,5798,6.37,6.42,3.99
14360,1.21,Ideal,H,SI2,62.0,54.5,5814,6.81,6.87,4.25
14370,1.2,Very Good,I,SI1,62.4,59.0,5816,6.73,6.79,4.22
14536,1.2,Very Good,H,SI1,62.4,57.0,5868,6.76,6.8,4.23
14547,1.31,Premium,J,SI1,59.6,59.0,5876,7.16,7.13,4.26
14554,1.25,Ideal,H,SI2,62.8,55.0,5880,6.87,6.82,4.3
14613,0.9,Ideal,D,VS2,63.0,57.0,5897,6.14,6.09,3.85
14812,1.04,Very Good,G,VS2,61.3,58.0,5964,6.45,6.53,3.98
14826,1.24,Premium,I,SI1,58.9,59.0,5972,7.08,7.02,4.15
14915,0.8,Ideal,D,VVS2,61.9,56.0,6004,5.91,5.95,3.67
14941,1.01,Very Good,G,VS2,62.4,58.0,6019,6.42,6.4,4.0
14974,1.57,Premium,J,SI2,59.6,56.0,6031,7.59,7.5,4.5
15005,1.03,Ideal,F,SI1,61.3,57.0,6044,6.47,6.53,3.98
15076,1.02,Good,G,VS1,64.3,57.0,6059,6.34,6.28,4.06
15110,1.01,Very Good,F,VS2,62.3,59.0,6073,6.37,6.44,3.99
15124,1.33,Fair,G,SI2,63.0,62.0,6078,6.9,6.87,4.34
15192,1.23,Ideal,J,VS1,62.2,55.0,6100,6.83,6.86,4.26
15201,1.15,Ideal,H,SI1,62.4,54.0,6106,6.71,6.76,4.2
15208,1.01,Very Good,G,VS2,63.1,59.0,6108,6.4,6.37,4.03
15233,1.0,Premium,G,VS1,59.2,60.0,6115,6.6,6.54,3.89
15238,1.0,Premium,G,VS1,60.6,59.0,6115,6.48,6.42,3.91
15270,1.2,Very Good,E,SI2,61.4,58.0,6130,6.81,6.88,4.2
15295,1.4,Ideal,J,SI1,62.7,57.0,6139,7.13,7.09,4.46
15311,1.03,Premium,G,VS2,62.1,57.0,6146,6.48,6.41,4.0
15353,1.01,Premium,G,VS1,62.4,59.0,6163,6.38,6.35,3.97
15438,1.37,Premium,F,SI2,62.8,57.0,6181,7.12,7.08,4.46
15549,1.23,Very Good,F,SI2,61.9,58.0,6233,6.77,6.79,4.2
15663,1.35,Ideal,J,SI1,62.3,57.0,6281,7.02,7.08,4.39
15668,1.1,Premium,G,VS2,60.5,60.0,6284,6.67,6.58,4.01
15750,1.25,Premium,G,SI2,60.4,59.0,6300,6.98,6.96,4.21
15788,1.02,Ideal,H,VS1,61.4,57.0,6317,6.47,6.44,3.97
15837,1.01,Premium,E,VS2,62.9,58.0,6335,6.47,6.37,4.04
15894,1.01,Very Good,G,VVS2,61.3,61.0,6354,6.32,6.47,3.92
15906,2.15,Premium,H,I1,62.9,57.0,6357,8.25,8.2,5.18
15918,1.39,Ideal,J,VS2,60.3,57.0,6366,7.26,7.24,4.37
16196,1.07,Premium,G,VS2,62.1,58.0,6471,6.59,6.55,4.08
16203,1.53,Ideal,H,I1,62.3,56.0,6477,7.38,7.34,4.59
16210,1.02,Good,F,VS2,63.3,59.0,6479,6.37,6.4,4.04
16231,1.24,Ideal,H,SI1,60.9,57.0,6488,6.9,6.95,4.22
16242,1.01,Premium,G,VS1,62.6,59.0,6499,6.38,6.46,4.02
16253,1.01,Ideal,F,VS2,62.6,57.0,6501,6.39,6.43,4.01
16278,1.51,Ideal,I,VS2,60.7,57.0,6511,7.42,7.35,4.48
16360,0.3,Premium,H,VS2,61.1,61.0,608,4.32,4.29,2.63
16454,1.35,Very Good,I,SI1,59.5,58.0,6573,7.28,7.17,4.3
16462,1.43,Very Good,J,VS2,62.8,56.0,6579,7.13,7.19,4.5
16469,1.02,Premium,E,VS2,61.6,60.0,6580,6.51,6.42,3.98
16481,1.1,Ideal,H,VS1,62.3,55.0,6586,6.57,6.61,4.1
16490,1.2,Premium,H,SI1,59.5,58.0,6588,7.02,6.97,4.16
16512,1.02,Premium,F,VS2,61.3,58.0,6597,6.54,6.42,3.97
16528,1.2,Premium,F,SI1,60.2,58.0,6604,6.9,6.86,4.14
16540,1.0,Ideal,H,VVS2,62.9,55.0,6607,6.34,6.39,4.0
16563,1.23,Ideal,H,SI1,62.4,54.0,6617,6.83,6.89,4.28
16568,1.01,Ideal,G,VS1,61.8,57.0,6618,6.45,6.4,3.97
16702,0.3,Ideal,H,SI1,62.6,55.0,421,4.28,4.32,2.69
16834,1.01,Very Good,F,VS2,63.6,59.0,6714,6.3,6.34,4.02
16852,1.0,Premium,E,VS2,60.0,60.0,6720,6.43,6.43,3.89
16868,1.07,Premium,G,VS1,58.6,60.0,6730,6.76,6.65,3.93
16904,1.03,Premium,G,VS1,60.7,58.0,6749,6.55,6.5,3.96
16927,1.3,Very Good,H,SI1,62.3,58.0,6758,6.97,7.03,4.36
16976,1.38,Premium,G,SI2,59.2,59.0,6779,7.35,7.29,4.33
17033,1.14,Very Good,G,VS2,63.2,58.0,6803,6.67,6.63,4.2
17043,0.41,Very Good,F,SI2,62.6,54.0,612,4.75,4.77,2.98
17116,1.09,Very Good,G,VS1,62.5,59.0,6827,6.54,6.57,4.1
17138,1.5,Fair,H,SI1,65.0,57.0,6838,7.1,7.06,4.6
17165,1.02,Premium,E,VS2,62.1,52.0,6854,6.55,6.49,4.05
17228,1.5,Premium,I,SI1,62.3,58.0,6888,7.33,7.22,4.53
17263,1.0,Very Good,F,VS1,60.1,63.0,6910,6.42,6.45,3.87
17418,1.45,Very Good,J,VS2,62.6,58.0,6980,7.28,7.16,4.52
17491,1.0,Good,D,VS2,60.7,61.0,7026,6.4,6.46,3.9
17535,1.01,Ideal,F,VS1,61.7,59.0,7056,6.44,6.42,3.97
17559,1.01,Premium,G,VVS2,61.2,59.0,7068,6.42,6.36,3.91
17572,1.06,Ideal,F,VS2,61.0,57.0,7075,6.57,6.6,4.02
17639,1.36,Premium,I,VS2,61.9,56.0,7104,7.17,7.08,4.41
17691,0.91,Very Good,E,VVS2,61.1,61.0,7131,6.24,6.2,3.8
17725,0.26,Very Good,E,VVS2,62.9,56.0,614,4.07,4.1,2.57
17753,1.19,Very Good,H,VS1,62.4,59.0,7147,6.73,6.79,4.22
17824,1.08,Ideal,G,VS2,62.3,54.0,7187,6.59,6.61,4.11
17871,1.5,Fair,H,SI1,65.9,56.0,7211,7.11,7.04,4.66
17876,0.9,Good,E,VVS1,63.4,60.0,7214,6.06,6.11,3.86
17932,1.0,Very Good,G,VVS2,62.1,59.0,7242,6.34,6.45,3.97
17953,1.23,Ideal,I,VVS2,62.5,57.0,7256,6.81,6.86,4.27
17975,1.32,Very Good,H,SI1,62.3,57.0,7270,7.04,6.99,4.37
18064,1.01,Good,E,VVS2,64.2,57.0,7293,6.3,6.34,4.06
18160,1.31,Premium,G,SI1,62.2,56.0,7358,7.02,6.97,4.35
18171,1.01,Premium,G,VVS2,59.4,58.0,7366,6.53,6.51,3.93
18188,1.2,Ideal,G,SI1,61.6,57.0,7372,6.85,6.88,4.23
18353,1.01,Premium,G,VVS2,61.7,59.0,7466,6.44,6.37,3.95
18440,1.41,Good,D,SI2,63.9,60.0,7501,7.08,7.0,4.5
18533,1.51,Premium,J,VS2,62.3,59.0,7553,7.35,7.31,4.57
18556,1.17,Premium,G,VS1,62.4,56.0,7564,6.81,6.75,4.23
18604,1.54,Very Good,I,SI2,60.1,61.0,7589,7.41,7.46,4.47
18629,1.02,Good,E,VS1,63.9,56.0,7602,6.33,6.38,4.06
18663,1.5,Ideal,H,SI1,61.6,57.0,7627,7.34,7.24,4.49
18871,1.04,Ideal,G,VVS1,62.8,56.0,7738,6.49,6.45,4.06
19191,1.02,Very Good,G,VVS2,63.1,59.0,7942,6.45,6.38,4.05
19193,1.59,Ideal,J,SI1,61.3,57.0,7943,7.43,7.52,4.58
19214,1.5,Premium,I,SI1,62.3,57.0,7955,7.28,7.22,4.52
19228,1.34,Very Good,H,VS2,61.4,58.0,7965,7.13,7.07,4.36
19238,1.01,Very Good,G,IF,60.0,61.0,7974,6.41,6.45,3.86
19371,0.27,Ideal,D,VVS2,62.6,56.0,622,4.13,4.15,2.59
19421,1.12,Ideal,F,VS2,62.6,56.0,8074,6.59,6.63,4.14
19432,1.12,Ideal,G,VS1,61.1,56.0,8080,6.7,6.73,4.1
19434,1.01,Very Good,F,VS1,62.6,56.0,8081,6.39,6.36,3.99
19479,1.0,Very Good,G,VVS1,63.4,57.0,8115,6.33,6.36,4.02
19483,1.01,Ideal,D,VS2,62.1,58.0,8119,6.4,6.42,3.98
19546,1.2,Premium,G,VS1,58.4,61.0,8177,6.95,6.91,4.05
19607,1.25,Ideal,G,SI1,60.7,56.0,8226,6.98,7.05,4.26
19687,0.32,Very Good,F,VS2,61.5,59.7,624,4.32,4.39,2.68
19795,1.22,Ideal,G,VS2,61.4,56.0,8362,6.9,6.88,4.23
19904,1.21,Ideal,F,VS2,61.2,57.0,8452,6.87,6.82,4.19
19946,1.07,Ideal,G,VVS2,61.8,55.0,8491,6.57,6.61,4.07
19947,2.34,Premium,I,I1,61.5,60.0,8491,8.47,8.43,5.2
20014,0.32,Very Good,I,SI1,59.9,61.0,421,4.44,4.47,2.67
20119,1.31,Ideal,H,VS1,61.5,56.0,8583,7.06,7.0,4.32
20145,1.2,Premium,E,VS2,62.2,59.0,8602,6.82,6.78,4.23
20212,1.5,Premium,H,SI2,62.3,60.0,8645,7.3,7.22,4.52
20303,1.01,Fair,D,VVS2,65.4,57.0,8716,6.2,6.16,4.04
20344,1.03,Ideal,D,VS1,61.5,57.0,8742,6.48,6.52,4.0
20353,1.55,Premium,J,VS1,62.6,59.0,8749,7.4,7.35,4.62
20523,1.2,Ideal,H,VS1,60.9,57.0,8852,6.87,6.9,4.19
20576,1.58,Premium,H,SI2,60.4,58.0,8887,7.6,7.52,4.57
20597,1.21,Good,E,VS1,61.7,58.0,8902,6.73,6.78,4.17
20610,1.53,Premium,I,SI1,62.9,59.0,8911,7.36,7.32,4.62
20721,0.31,Premium,F,VS2,62.0,58.0,625,4.31,4.37,2.69
20728,0.31,Ideal,F,VS2,61.3,57.0,625,4.3,4.34,2.65
20794,1.52,Very Good,D,SI2,61.2,63.0,9030,7.39,7.31,4.5
20932,1.7,Ideal,H,SI1,61.2,57.0,9139,7.71,7.68,4.71
20946,1.7,Good,H,SI1,64.1,58.0,9158,7.54,7.51,4.83
20986,1.0,Very Good,F,VVS1,62.5,57.0,9201,6.31,6.36,3.96
20987,1.2,Very Good,F,VS1,61.6,61.0,9203,6.81,6.86,4.21
21061,1.26,Ideal,F,VS2,61.4,57.0,9236,7.02,6.96,4.29
21167,1.17,Ideal,G,VS1,61.7,57.0,9326,6.71,6.75,4.15
21256,1.6,Ideal,I,SI1,62.4,53.5,9407,7.45,7.5,4.66
21276,1.77,Premium,J,VS2,59.6,58.0,9428,7.94,7.86,4.71
21329,1.51,Very Good,E,SI1,62.9,62.0,9474,7.21,7.31,4.57
21437,1.21,Premium,E,VS1,60.8,59.0,9541,6.86,6.82,4.16
21441,1.08,Ideal,D,VS1,61.1,56.0,9545,6.59,6.63,4.04
21479,1.52,Ideal,E,SI2,60.1,57.0,9576,7.53,7.49,4.51
21530,1.51,Very Good,D,SI2,59.7,58.0,9627,7.43,7.48,4.45
21557,1.76,Ideal,F,SI2,62.6,55.0,9659,7.69,7.64,4.8
21602,1.5,Good,I,VS1,57.2,62.0,9702,7.64,7.61,4.36
21636,1.35,Very Good,G,VS1,60.1,56.0,9729,7.16,7.21,4.32
21739,1.5,Very Good,I,VS2,60.8,58.0,9804,7.36,7.42,4.49
21759,3.11,Fair,J,I1,65.9,57.0,9823,9.15,9.02,5.98
21980,1.0,Premium,D,VVS2,61.6,60.0,10046,6.41,6.36,3.93
22041,0.31,Premium,I,VS1,59.2,60.0,628,4.45,4.4,2.62
22062,1.51,Good,E,SI1,60.4,61.0,10088,7.33,7.37,4.44
22096,1.17,Premium,D,VS1,61.7,59.0,10115,6.77,6.72,4.16
22173,1.52,Very Good,E,SI2,63.3,58.0,10214,7.31,7.25,4.61
22198,1.12,Ideal,F,VVS2,60.4,56.0,10236,6.82,6.78,4.11
22226,1.53,Premium,I,VS1,61.2,59.0,10282,7.41,7.39,4.53
22255,1.59,Very Good,I,VS2,61.1,58.6,10309,7.49,7.53,4.59
22369,0.31,Very Good,H,VS2,63.2,58.0,628,4.33,4.31,2.73
22423,1.57,Very Good,I,VS2,60.3,58.0,10447,7.58,7.55,4.56
22470,1.52,Very Good,H,VS1,59.8,57.0,10497,7.47,7.55,4.49
22714,1.23,Very Good,E,VS1,61.5,58.0,10730,6.88,6.93,4.25
22741,1.01,Ideal,D,VVS2,61.7,57.0,10761,6.43,6.47,3.98
22792,1.51,Premium,I,VVS2,61.1,60.0,10817,7.36,7.33,4.49
22807,1.53,Premium,G,SI1,58.4,59.0,10830,7.58,7.52,4.41
22808,1.59,Ideal,H,SI1,61.5,57.0,10832,7.53,7.59,4.65
22927,1.52,Premium,E,SI1,62.4,59.0,10963,7.37,7.34,4.59
23074,1.71,Premium,I,SI1,60.2,58.0,11104,7.79,7.75,4.68
23159,1.3,Ideal,G,VVS2,62.0,57.0,11175,7.03,6.96,4.34
23210,1.62,Ideal,I,VS2,61.8,55.0,11217,7.56,7.59,4.68
23317,1.7,Premium,I,VS2,61.2,59.0,11360,7.62,7.55,4.64
23382,0.36,Good,E,SI1,63.1,58.0,631,4.49,4.54,2.85
23391,0.36,Ideal,E,SI1,62.4,55.0,631,4.55,4.58,2.85
23496,2.29,Very Good,H,SI2,63.4,57.0,11502,8.4,8.33,5.3
23530,1.5,Very Good,E,SI1,61.4,59.0,11533,7.24,7.41,4.5
23592,1.51,Premium,F,SI1,62.2,59.0,11607,7.34,7.3,4.55
23598,1.76,Ideal,I,VS1,62.0,57.0,11616,7.71,7.74,4.79
23671,1.59,Good,F,SI1,63.6,57.0,11716,7.39,7.43,4.71
23841,1.51,Very Good,G,VS2,62.8,57.0,11923,7.25,7.3,4.57
23846,1.58,Ideal,G,SI1,62.2,55.0,11927,7.44,7.5,4.65
23848,1.5,Very Good,D,SI1,62.0,63.0,11933,7.27,7.31,4.52
23855,1.52,Ideal,H,VS1,60.1,60.0,11946,7.54,7.51,4.52
23883,2.0,Premium,H,SI2,62.8,57.0,11975,8.05,8.01,5.04
23945,1.73,Premium,H,SI1,62.4,58.0,12079,7.64,7.61,4.76
23995,2.03,Ideal,G,SI2,61.5,57.0,12154,8.15,8.07,4.99
24063,1.37,Ideal,G,VVS2,62.3,55.5,12207,7.05,7.14,4.43
24095,1.61,Premium,H,VS1,62.5,58.0,12242,7.57,7.46,4.7
24116,2.01,Premium,H,SI1,60.0,60.0,12271,8.16,8.13,4.89
24129,2.09,Very Good,H,SI2,60.1,63.0,12295,8.21,8.16,4.92
24175,2.01,Ideal,I,SI2,62.1,55.0,12349,8.12,8.08,5.03
24179,1.76,Very Good,H,SI1,62.6,58.0,12361,7.7,7.66,4.81
24231,1.51,Very Good,G,VS1,60.2,63.0,12430,7.39,7.36,4.44
24273,1.53,Premium,E,SI1,62.6,57.0,12499,7.41,7.25,4.59
24276,2.58,Fair,F,SI2,65.2,59.0,12500,8.58,8.51,5.57
24340,2.01,Ideal,I,SI1,62.9,55.0,12606,8.07,8.0,5.05
24346,2.1,Very Good,I,SI2,60.6,60.0,12612,8.29,8.33,5.04
24395,2.18,Premium,H,SI2,59.4,61.0,12631,8.49,8.45,0.0
24408,1.52,Very Good,H,VVS2,62.8,56.0,12648,7.3,7.32,4.59
24440,2.04,Ideal,J,SI1,62.6,55.0,12696,8.08,8.12,5.07
24475,1.51,Ideal,D,SI1,59.5,57.0,12738,7.56,7.46,4.47
24536,1.31,Ideal,F,VS1,62.1,55.0,12825,6.97,7.0,4.34
24571,1.5,Very Good,F,VS2,62.6,59.0,12870,7.22,7.31,4.55
24572,1.5,Good,E,SI1,64.2,55.0,12870,7.22,7.17,4.62
24640,2.03,Premium,J,SI1,62.1,59.0,12979,8.12,8.06,5.02
24647,1.52,Premium,F,VS2,62.2,58.0,12985,7.38,7.29,4.56
24695,0.3,Very Good,G,VVS2,60.4,60.0,638,4.3,4.34,2.61
24727,2.2,Premium,J,SI2,60.9,60.0,13065,8.42,8.34,5.1
24873,1.64,Ideal,F,SI1,61.8,55.0,13289,7.6,7.58,4.69
24910,1.51,Very Good,G,VS1,61.8,57.0,13348,7.31,7.42,4.55
24954,1.53,Premium,F,VS2,62.2,58.0,13423,7.36,7.27,4.55
24989,1.51,Very Good,G,VVS2,63.6,57.0,13500,7.2,7.32,4.62
25043,0.3,Good,F,SI1,63.6,55.0,641,4.33,4.28,2.74
25127,2.02,Premium,E,SI2,59.9,58.0,13677,8.18,8.14,4.89
25183,1.52,Premium,G,VS2,62.8,60.0,13768,7.26,7.22,4.55
25229,1.51,Ideal,G,VS2,62.3,54.0,13828,7.35,7.33,4.57
25281,2.01,Good,H,SI1,56.7,58.0,13929,8.31,8.36,4.73
25292,1.51,Premium,F,VS2,61.7,58.0,13945,7.33,7.28,4.51
25388,2.0,Very Good,G,SI2,64.0,58.0,14074,7.86,7.95,5.06
25450,1.64,Premium,G,VS2,62.4,58.0,14201,7.49,7.52,4.68
25456,1.53,Premium,G,VS1,61.0,60.0,14214,7.4,7.43,4.52
25474,1.69,Premium,F,VS2,59.8,60.0,14242,7.79,7.74,4.64
25533,2.55,Premium,I,SI2,62.9,58.0,14351,8.7,8.59,5.44
25595,2.01,Premium,I,SI2,62.9,58.0,14444,8.05,8.0,5.05
25599,2.14,Good,I,SI2,63.8,57.0,14452,8.17,8.14,5.2
25688,0.36,Premium,D,SI2,63.0,59.0,643,4.52,4.49,2.84
25752,1.52,Ideal,G,VS2,61.4,56.0,14692,7.39,7.47,4.56
25901,2.8,Premium,I,SI2,61.1,59.0,15030,9.03,8.98,5.5
25927,2.0,Very Good,I,SI1,62.9,59.2,15081,7.95,8.08,5.05
26042,1.91,Very Good,G,SI1,63.1,59.0,15241,7.9,7.86,4.97
26051,1.52,Ideal,D,VS2,62.3,56.0,15252,7.41,7.32,4.59
26087,2.08,Premium,I,SI2,61.2,58.0,15321,8.24,8.16,5.02
26104,1.53,Ideal,G,VVS2,61.0,55.0,15365,7.44,7.5,4.56
26199,1.02,Ideal,D,IF,63.0,57.0,15575,6.39,6.35,4.01
26215,1.56,Ideal,G,VVS2,62.3,54.0,15609,7.41,7.45,4.63
26283,2.14,Very Good,I,SI1,61.3,61.0,15769,8.28,8.32,5.09
26315,2.1,Premium,I,SI1,61.5,59.0,15818,8.28,8.24,5.08
26339,2.07,Very Good,I,SI1,62.3,60.0,15847,8.12,8.16,5.07
26401,2.01,Premium,H,SI2,63.0,59.0,15917,7.93,7.9,4.99
26412,2.5,Premium,H,SI2,62.4,59.0,15934,8.61,8.54,5.35
26415,2.01,Premium,I,VS2,60.3,62.0,15939,8.13,8.08,4.89
26475,2.37,Ideal,J,VS2,62.2,57.0,16059,8.52,8.58,5.32
26579,2.02,Ideal,F,SI2,61.3,57.0,16290,8.11,8.16,4.99
26598,2.01,Ideal,J,VS1,60.9,56.0,16319,8.14,8.18,4.97
26619,2.07,Very Good,I,VS2,60.6,58.0,16378,8.24,8.29,5.01
26629,2.19,Very Good,I,SI1,60.7,60.0,16397,8.46,8.4,5.12
26704,0.32,Ideal,G,VS1,62.3,55.0,645,4.37,4.4,2.73
26777,1.71,Ideal,G,VS1,62.1,55.0,16618,7.74,7.59,4.76
26787,2.03,Premium,E,SI1,62.9,57.0,16629,8.04,7.98,5.04
26795,2.0,Ideal,E,SI1,62.6,57.0,16650,8.08,8.01,5.04
26797,2.24,Premium,H,SI2,61.4,57.0,16656,8.43,8.35,5.15
26838,2.01,Good,H,SI1,62.2,58.0,16737,7.99,8.05,4.99
26854,1.52,Premium,E,VS1,60.6,58.0,16779,7.44,7.38,4.49
26860,1.75,Premium,G,VS2,61.5,59.0,16783,7.76,7.66,4.74
26886,2.42,Ideal,H,SI2,62.3,57.0,16826,8.62,8.55,5.35
26916,2.53,Premium,J,SI2,62.6,57.0,16934,8.77,8.67,5.46
26994,2.0,Good,D,SI2,64.1,57.0,17094,7.91,7.82,5.04
27042,0.32,Ideal,G,VS1,62.1,55.0,645,4.38,4.41,2.73
27101,2.01,Very Good,F,SI2,60.8,57.0,17244,8.09,8.15,4.94
27164,2.64,Ideal,H,SI2,62.3,55.0,17407,8.88,8.83,5.52
27205,2.52,Premium,H,SI2,62.4,57.0,17522,8.72,8.66,5.43
27314,2.01,Premium,I,VS2,60.3,58.0,17826,8.22,8.16,4.94
27357,1.29,Very Good,D,VVS1,60.8,55.0,17932,7.03,7.12,4.3
27365,0.28,Ideal,E,VVS2,62.1,56.0,646,4.19,4.21,2.61
27376,0.29,Ideal,D,VS1,62.9,55.0,647,4.25,4.21,2.66
27387,0.41,Very Good,J,VS1,60.8,61.0,647,4.72,4.79,2.89
27417,2.51,Premium,J,VS2,62.2,58.0,18020,8.73,8.67,5.41
27501,2.07,Ideal,H,SI2,63.5,53.0,18198,8.12,8.09,5.14
27533,1.62,Ideal,F,VS2,61.2,57.0,18281,7.52,7.58,4.62
27535,2.14,Premium,E,SI2,61.5,58.0,18291,8.31,8.24,5.09
27627,1.83,Premium,G,VS2,60.5,59.0,18525,7.99,7.89,4.8
27713,0.36,Premium,H,SI1,63.0,55.0,648,4.54,4.51,2.85
27751,0.32,Very Good,I,VS1,63.2,54.0,648,4.42,4.38,2.78
27789,0.37,Ideal,E,SI1,62.7,54.0,649,4.55,4.6,2.87
27815,0.28,Ideal,G,IF,62.4,55.0,650,4.17,4.2,2.61
27941,0.23,Very Good,H,VVS2,62.6,56.0,431,3.92,3.95,2.46
27971,0.3,Premium,E,VS2,62.0,59.0,658,4.27,4.31,2.66
28030,0.3,Ideal,E,VS2,61.5,55.0,658,4.29,4.33,2.65
28097,0.31,Ideal,F,SI1,62.9,57.0,663,4.34,4.31,2.72
28103,0.31,Ideal,F,SI1,62.3,56.0,663,4.35,4.32,2.7
28115,0.36,Ideal,D,SI1,62.5,56.0,663,4.55,4.57,2.85
28134,0.29,Very Good,F,VVS1,62.3,58.0,664,4.22,4.25,2.64
28169,0.32,Ideal,G,VS1,61.6,55.0,665,4.43,4.46,2.74
28337,0.33,Premium,G,VS1,61.9,59.0,666,4.43,4.45,2.75
28382,0.33,Very Good,I,VS1,63.2,57.0,668,4.4,4.37,2.77
28427,0.3,Ideal,D,VS2,61.2,57.0,670,4.29,4.34,2.64
28441,0.39,Very Good,E,SI1,59.1,59.0,670,4.76,4.81,2.83
28470,0.32,Ideal,H,VS1,62.1,55.0,672,4.4,4.39,2.73
28566,0.3,Premium,H,VS1,62.6,59.0,675,4.3,4.26,2.68
28730,0.31,Ideal,E,VS2,61.6,56.0,680,4.37,4.4,2.7
28736,0.31,Ideal,E,VS2,61.8,56.0,680,4.34,4.36,2.69
28786,0.37,Very Good,D,SI1,62.2,58.0,681,4.58,4.62,2.86
28905,0.3,Very Good,H,VVS1,62.6,60.0,684,4.21,4.26,2.65
28939,0.3,Very Good,G,VVS2,62.9,55.0,684,4.3,4.32,2.71
29218,0.38,Ideal,G,SI1,61.5,55.0,695,4.66,4.68,2.87
29235,0.31,Ideal,D,VS1,61.6,54.0,696,4.33,4.37,2.68
29237,0.4,Ideal,E,SI1,61.9,57.0,696,4.74,4.76,2.94
29284,0.25,Very Good,D,VS1,63.0,59.0,436,3.97,4.0,2.51
29349,0.31,Ideal,G,VS2,61.4,56.0,698,4.36,4.34,2.67
29364,0.31,Premium,G,VS2,61.5,59.0,698,4.35,4.33,2.67
29379,0.31,Very Good,E,SI1,63.4,55.0,698,4.35,4.32,2.75
29435,0.42,Good,H,SI1,63.2,58.0,700,4.77,4.79,3.02
29487,0.4,Very Good,G,SI1,59.2,61.0,702,4.78,4.81,2.84
29508,0.32,Ideal,E,VS2,62.7,55.0,702,4.36,4.38,2.74
29529,0.3,Ideal,E,VS1,62.2,53.8,703,4.3,4.33,2.68
29538,0.4,Ideal,H,VS2,62.4,56.0,704,4.69,4.73,2.94
29556,0.4,Ideal,H,SI1,62.1,55.0,705,4.73,4.77,2.95
29603,0.35,Ideal,F,VS2,61.5,57.0,706,4.52,4.55,2.79
29620,0.3,Ideal,I,SI1,60.4,59.0,439,4.33,4.35,2.62
29644,0.35,Very Good,H,VVS2,62.5,58.0,706,4.48,4.51,2.81
29761,0.35,Premium,I,VS1,61.8,58.0,709,4.53,4.5,2.79
29841,0.3,Ideal,D,VS2,62.3,54.0,710,4.3,4.33,2.69
29865,0.3,Very Good,D,VS2,62.4,56.0,710,4.27,4.32,2.68
29915,0.34,Very Good,G,VVS2,60.4,57.0,713,4.53,4.56,2.74
29961,0.31,Ideal,G,SI1,61.7,54.0,446,4.38,4.4,2.71
29994,0.43,Premium,E,SI2,61.2,59.0,716,4.82,4.89,2.97
30034,0.39,Ideal,F,SI1,62.5,55.0,718,4.63,4.68,2.91
30104,0.32,Premium,H,VS1,62.4,58.0,720,4.4,4.35,2.73
30107,0.32,Premium,G,VS2,61.0,59.0,720,4.46,4.42,2.71
30117,0.32,Ideal,G,VS2,61.5,57.0,720,4.41,4.4,2.71
30166,0.4,Good,D,SI1,63.1,57.0,720,4.69,4.73,2.97
30196,0.42,Premium,E,SI1,61.5,58.0,722,4.78,4.84,2.96
30316,0.36,Premium,G,VS1,62.2,59.0,726,4.53,4.57,2.83
30518,0.31,Ideal,D,SI1,61.8,56.0,732,4.37,4.34,2.69
30776,0.4,Ideal,G,SI1,62.3,54.0,741,4.74,4.77,2.96
30870,0.33,Premium,G,VS2,62.1,56.0,743,4.44,4.41,2.75
31078,0.33,Premium,G,VVS2,61.7,58.0,752,4.39,4.42,2.72
31161,0.41,Very Good,E,SI1,62.4,55.0,755,4.74,4.78,2.97
31209,0.32,Premium,D,SI1,61.5,59.0,756,4.42,4.39,2.71
31229,0.32,Good,D,SI1,63.6,56.0,756,4.37,4.34,2.77
31285,0.32,Ideal,G,SI2,61.8,55.0,450,4.4,4.43,2.73
31309,0.32,Ideal,D,VS2,61.0,57.0,758,4.42,4.46,2.71
31326,0.32,Ideal,E,VS1,61.8,55.0,758,4.4,4.43,2.73
31513,0.34,Premium,E,SI1,59.0,60.0,765,4.62,4.56,2.71
31654,0.35,Premium,E,VS2,60.9,59.0,767,4.54,4.56,2.77
31658,0.32,Ideal,E,VS2,61.4,56.0,768,4.45,4.41,2.72
31799,0.42,Ideal,F,SI1,60.6,57.0,773,4.84,4.9,2.95
31812,0.43,Ideal,D,SI1,62.5,55.0,774,4.8,4.83,3.01
31843,0.41,Very Good,J,VVS1,60.1,58.0,775,4.79,4.83,2.89
31860,0.3,Premium,H,VVS2,60.6,58.0,776,4.35,4.33,2.63
31882,0.3,Good,H,VVS2,63.7,55.0,776,4.27,4.24,2.71
31903,0.3,Premium,G,VS1,62.9,58.0,776,4.32,4.27,2.7
31944,0.3,Ideal,F,VS2,60.7,57.0,776,4.34,4.29,2.62
31960,0.31,Ideal,I,VS2,61.6,55.0,452,4.38,4.42,2.71
32026,0.31,Ideal,G,VVS1,61.6,54.0,778,4.36,4.38,2.69
32062,0.33,Premium,D,SI1,60.0,59.0,780,4.5,4.47,2.69
32072,0.32,Ideal,E,VS2,61.4,57.0,780,4.46,4.4,2.72
32247,0.31,Ideal,H,IF,62.0,54.0,789,4.38,4.4,2.72
32380,0.39,Very Good,J,VS1,63.1,56.0,790,4.7,4.62,2.94
32398,0.31,Ideal,E,VVS2,62.0,54.0,791,4.36,4.41,2.72
32512,0.4,Good,E,SI2,63.9,57.0,798,4.71,4.65,2.99
32585,0.31,Ideal,G,IF,62.0,54.0,801,4.35,4.39,2.71
32601,0.39,Ideal,G,VS1,61.8,55.0,802,4.72,4.76,2.93
32644,0.31,Premium,H,VVS2,61.2,59.0,802,4.38,4.34,2.67
32723,0.31,Ideal,F,VS2,62.7,57.0,802,4.34,4.3,2.71
32739,0.31,Premium,F,VS2,59.7,58.0,802,4.48,4.43,2.66
32742,0.31,Premium,G,VS1,62.2,58.0,802,4.38,4.34,2.71
32840,0.46,Ideal,H,SI1,61.7,55.0,807,4.99,5.02,3.09
32913,0.33,Ideal,F,VVS2,61.9,56.0,810,4.42,4.46,2.75
32933,0.41,Very Good,I,VVS2,61.3,60.0,811,4.77,4.82,2.94
33004,0.32,Ideal,E,VVS1,60.9,56.0,813,4.41,4.43,2.69
33014,0.3,Very Good,F,VVS1,62.6,56.0,814,4.27,4.29,2.68
33040,0.32,Ideal,G,VVS1,61.1,55.0,814,4.45,4.48,2.73
33081,0.3,Premium,E,VS1,60.2,57.0,814,4.37,4.3,2.61
33150,0.31,Premium,G,VVS1,61.2,59.0,816,4.32,4.34,2.65
33171,0.37,Premium,G,VS1,58.4,59.0,817,4.76,4.69,2.76
33230,0.33,Ideal,D,VS2,61.1,56.0,822,4.5,4.54,2.76
33274,0.32,Good,H,SI1,63.4,55.0,461,4.36,4.38,2.77
33465,0.32,Premium,F,VS2,59.5,61.0,828,4.46,4.42,2.64
33484,0.32,Premium,F,VS2,61.1,58.0,828,4.42,4.39,2.69
33490,0.32,Ideal,F,VS2,62.3,56.0,828,4.4,4.37,2.73
33501,0.32,Ideal,F,VS2,62.8,53.0,828,4.38,4.34,2.74
33544,0.35,Ideal,E,VS1,61.9,56.0,829,4.51,4.53,2.8
33713,0.44,Ideal,D,SI1,61.6,56.0,838,4.9,4.93,3.03
33800,0.4,Premium,F,VS2,61.0,59.0,842,4.71,4.76,2.89
33857,0.3,Premium,E,VS2,59.1,58.0,844,4.39,4.37,2.59
33879,0.3,Ideal,E,VS2,62.1,55.0,844,4.33,4.3,2.68
33902,0.3,Ideal,E,VS2,62.3,57.0,844,4.3,4.27,2.67
33983,0.39,Good,F,VS1,62.8,61.0,847,4.63,4.67,2.92
34106,0.4,Very Good,G,VS1,60.0,56.0,853,4.81,4.85,2.9
34141,0.33,Ideal,F,VS2,60.5,55.0,854,4.55,4.47,2.73
34241,0.4,Premium,D,SI2,62.4,58.0,855,4.73,4.69,2.94
34247,0.38,Very Good,J,VVS2,63.4,56.0,855,4.62,4.56,2.91
34254,0.33,Very Good,D,VVS2,61.9,56.0,856,4.44,4.48,2.76
34261,0.3,Ideal,H,SI1,60.7,56.0,465,4.35,4.37,2.65
34300,0.36,Very Good,G,VVS2,59.5,56.0,858,4.68,4.73,2.8
34349,0.35,Ideal,D,VS1,60.1,57.0,862,4.58,4.61,2.76
34351,0.42,Premium,D,SI2,62.0,59.0,862,4.83,4.78,2.98
34360,0.41,Good,F,VS2,63.2,57.0,863,4.74,4.76,3.0
34381,0.41,Very Good,I,VVS1,59.8,61.0,863,4.79,4.84,2.88
34448,0.31,Ideal,E,VVS2,61.8,54.0,864,4.34,4.36,2.69
34462,0.31,Ideal,E,VVS1,61.5,56.0,865,4.36,4.39,2.69
34491,0.43,Premium,G,VS2,62.3,58.0,867,4.81,4.85,3.01
34532,0.33,Ideal,G,VVS1,62.2,57.0,868,4.41,4.46,2.76
34645,0.31,Ideal,E,VS2,61.9,55.0,872,4.38,4.34,2.7
34656,0.31,Ideal,E,VS2,62.8,57.0,872,4.37,4.33,2.73
34923,0.3,Ideal,J,VS1,62.6,53.0,373,4.28,4.32,2.69
34968,0.23,Very Good,D,VVS2,58.5,62.0,472,4.04,4.06,2.37
35036,0.42,Ideal,E,SI2,62.7,55.0,882,4.79,4.78,3.0
35057,0.47,Ideal,I,VS2,62.1,54.0,884,4.98,5.0,3.1
35335,0.32,Ideal,E,VS1,61.0,57.0,898,4.4,4.42,2.69
35368,0.38,Ideal,H,VS2,62.8,56.0,898,4.62,4.59,2.89
35438,0.32,Ideal,E,VS2,61.5,55.0,900,4.43,4.38,2.71
35529,0.38,Ideal,E,VS1,61.7,53.0,905,4.69,4.71,2.9
35628,0.3,Good,I,VS1,63.7,58.0,473,4.23,4.25,2.7
35653,0.31,Ideal,G,VVS2,62.7,57.0,907,4.33,4.31,2.71
35722,0.3,Ideal,D,VS2,62.3,54.0,911,4.33,4.3,2.69
35731,0.3,Premium,D,VS2,62.3,58.0,911,4.32,4.29,2.68
35771,0.4,Very Good,E,VS2,62.9,55.0,912,4.72,4.73,2.97
35852,0.33,Ideal,E,VVS1,61.9,54.0,917,4.43,4.45,2.75
35883,0.32,Ideal,G,IF,62.3,53.0,918,4.41,4.45,2.76
35884,0.32,Ideal,G,IF,61.0,56.0,918,4.43,4.45,2.71
35953,0.3,Ideal,F,SI1,61.9,57.0,475,4.31,4.35,2.68
35968,0.3,Ideal,G,SI1,61.8,56.0,477,4.34,4.37,2.69
36072,0.4,Premium,D,SI1,63.0,57.0,924,4.7,4.66,2.95
36197,0.4,Ideal,E,VS1,60.1,57.0,931,4.77,4.82,2.88
36231,0.38,Very Good,D,VS2,61.6,59.0,933,4.62,4.66,2.86
36317,0.32,Premium,G,VVS2,60.2,60.0,936,4.45,4.42,2.67
36384,0.38,Premium,D,SI1,58.9,61.0,941,4.79,4.75,2.81
36390,0.31,Premium,D,VVS1,62.7,58.0,942,4.31,4.3,2.7
36612,0.32,Premium,G,SI1,59.6,60.0,477,4.43,4.46,2.65
36614,0.32,Premium,G,SI1,62.5,58.0,477,4.4,4.43,2.76
36833,0.3,Ideal,E,IF,61.2,58.0,957,4.31,4.38,2.66
36843,0.37,Premium,F,VS2,59.7,59.0,957,4.68,4.64,2.78
37062,0.43,Premium,F,VS2,61.1,57.0,968,4.9,4.86,2.98
37141,0.4,Very Good,F,VVS2,62.9,55.0,972,4.72,4.75,2.98
37184,0.46,Fair,I,VS1,65.6,57.0,972,4.85,4.82,3.17
37202,0.46,Ideal,I,VVS1,61.7,57.0,974,4.96,4.99,3.07
37208,0.34,Ideal,G,IF,61.0,55.0,974,4.51,4.54,2.76
37209,0.34,Ideal,G,IF,61.3,56.0,974,4.52,4.55,2.78
37239,0.4,Premium,E,VS2,62.5,58.0,975,4.73,4.65,2.93
37241,0.52,Premium,H,SI2,60.9,61.0,975,5.15,5.1,3.12
37298,0.38,Ideal,F,VS1,62.5,56.0,978,4.6,4.62,2.88
37404,0.38,Ideal,D,VS1,61.9,53.5,983,4.66,4.69,2.9
37522,0.47,Premium,D,SI1,60.6,61.0,987,5.04,5.0,3.04
37533,0.38,Very Good,F,VS1,59.7,61.0,988,4.69,4.73,2.81
37560,0.31,Premium,G,IF,61.4,59.0,988,4.39,4.34,2.68
37592,0.24,Very Good,E,VVS2,62.5,58.0,485,3.96,4.01,2.49
37609,0.24,Very Good,F,VVS1,61.7,56.0,485,3.98,4.0,2.46
37775,0.41,Ideal,E,VS2,62.5,55.0,999,4.77,4.74,2.97
37828,0.33,Ideal,E,VS1,59.6,56.0,1002,4.54,4.49,2.69
37890,0.36,Ideal,G,IF,62.0,57.0,1006,4.54,4.58,2.82
37927,0.23,Good,E,VVS2,63.4,61.0,485,3.85,3.91,2.46
37940,0.3,Ideal,I,VS1,62.2,53.9,486,4.29,4.33,2.68
38100,0.36,Premium,E,VS2,60.3,59.0,1013,4.64,4.58,2.78
38123,0.3,Premium,G,VVS1,60.7,58.0,1013,4.36,4.34,2.64
38149,0.5,Very Good,I,VS1,63.1,56.0,1013,5.07,5.01,3.18
38174,0.7,Fair,I,I1,66.3,63.0,1014,5.58,5.43,3.66
38197,0.5,Good,D,SI2,58.5,64.0,1015,5.2,5.12,3.02
38221,0.43,Premium,F,SI1,60.6,59.0,1016,4.87,4.84,2.94
38285,0.28,Very Good,F,VS1,62.1,59.0,487,4.16,4.21,2.6
38310,0.31,Premium,J,VS2,62.7,58.0,488,4.34,4.3,2.71
38334,0.32,Ideal,E,VVS1,61.7,56.0,1020,4.42,4.4,2.72
38349,0.5,Premium,G,I1,62.2,59.0,1020,5.07,5.03,3.14
38393,0.42,Premium,E,VS2,62.8,59.0,1024,4.8,4.76,3.0
38395,0.42,Ideal,E,VS2,61.8,57.0,1024,4.81,4.77,2.96
38554,0.39,Ideal,E,VVS2,61.9,55.0,1034,4.7,4.74,2.92
38617,0.3,Ideal,J,IF,61.5,56.0,489,4.32,4.33,2.66
38704,0.37,Ideal,E,VS2,62.6,56.0,1041,4.61,4.56,2.87
38705,0.37,Premium,E,VS2,61.8,59.0,1041,4.6,4.56,2.83
38755,0.32,Ideal,D,VS1,61.4,57.0,1044,4.43,4.4,2.71
38779,0.31,Ideal,E,VVS2,61.7,56.0,1046,4.36,4.33,2.68
38836,0.4,Very Good,F,VVS2,62.0,56.0,1049,4.71,4.74,2.93
38863,0.4,Premium,F,VS1,60.3,60.0,1050,4.81,4.77,2.89
38920,0.33,Premium,G,IF,60.8,58.0,1052,4.46,4.42,2.7
38990,0.36,Ideal,G,VVS1,62.8,57.0,1053,4.55,4.52,2.85
39041,0.37,Ideal,G,IF,61.5,56.0,1056,4.6,4.64,2.84
39054,0.54,Ideal,I,SI1,61.9,54.0,1057,5.25,5.28,3.26
39057,0.39,Very Good,F,VVS2,63.5,58.0,1058,4.65,4.61,2.94
39130,0.41,Premium,G,VS2,61.4,59.0,1061,4.79,4.75,2.93
39131,0.41,Premium,G,VS2,61.6,58.0,1061,4.78,4.73,2.93
39230,0.32,Ideal,D,VVS1,61.3,57.0,1067,4.39,4.42,2.7
39241,0.5,Very Good,H,SI1,62.9,58.0,1068,5.01,5.04,3.16
39247,0.38,Ideal,E,VVS2,60.9,56.0,1068,4.71,4.68,2.06
39301,0.38,Premium,E,VS1,60.7,59.0,1069,4.7,4.65,2.84
39310,0.5,Fair,F,SI1,64.7,60.0,1069,4.99,4.84,3.18
39371,0.5,Very Good,D,SI2,58.5,60.0,1074,5.19,5.21,3.04
39446,0.41,Ideal,E,VS1,61.5,56.0,1076,4.79,4.77,2.94
39453,0.5,Very Good,E,SI2,63.0,57.0,1077,5.04,5.09,3.19
39482,0.41,Ideal,E,VS1,61.9,55.0,1079,4.76,4.8,2.96
39503,0.36,Ideal,G,VVS1,60.9,57.0,1080,4.63,4.57,2.8
39540,0.4,Premium,F,VS2,62.1,58.0,1080,4.76,4.71,2.94
39594,0.4,Ideal,G,SI1,60.1,56.0,1084,4.8,4.85,2.9
39722,0.52,Ideal,G,SI2,61.6,55.0,1090,5.16,5.19,3.19
39763,0.36,Premium,D,VS2,60.5,58.0,1094,4.63,4.6,2.79
39816,0.4,Ideal,G,VVS1,61.7,57.0,1097,4.71,4.74,2.91
39827,0.39,Premium,G,VS1,62.4,57.0,1097,4.68,4.62,2.9
39965,0.4,Very Good,E,VVS2,61.0,55.0,1106,4.77,4.81,2.92
40024,0.51,Premium,D,SI2,60.2,58.0,1109,5.24,5.2,3.14
40033,0.47,Premium,G,SI1,59.5,60.0,1110,5.09,5.06,3.02
40106,0.33,Premium,G,VVS1,62.1,58.0,1114,4.43,4.4,2.74
40255,0.38,Ideal,G,IF,62.0,54.0,1125,4.66,4.7,2.9
40269,0.33,Very Good,G,SI1,61.1,59.0,492,4.42,4.45,2.71
40297,0.4,Ideal,G,VS1,62.2,56.0,1125,4.74,4.72,2.94
40411,0.55,Premium,E,SI2,58.4,61.0,1134,5.37,5.31,3.12
40445,0.7,Premium,G,I1,59.7,59.0,1138,5.76,5.57,3.39
40509,0.56,Very Good,H,SI2,59.5,57.0,1144,5.4,5.43,3.22
40517,0.44,Ideal,I,VVS1,60.9,56.0,1145,4.9,4.96,3.0
40571,0.52,Very Good,G,SI2,63.1,56.0,1151,5.12,5.08,3.22
40631,0.41,Ideal,E,VS1,62.1,56.0,1153,4.78,4.75,2.96
40640,0.41,Premium,E,VS1,61.8,58.0,1153,4.75,4.73,2.93
40666,0.45,Good,G,VS1,58.1,61.2,1154,5.02,5.07,2.93
40670,0.44,Premium,G,VVS2,61.3,60.0,1155,4.94,4.88,3.01
40782,0.43,Good,F,VS1,61.4,61.1,1167,4.85,4.87,2.98
40789,0.4,Ideal,F,VVS1,61.7,55.0,1168,4.77,4.79,2.95
40890,0.56,Fair,F,SI1,61.6,61.0,1176,5.38,5.21,3.26
40975,0.5,Ideal,G,SI2,60.7,56.0,1180,5.13,5.18,3.13
40992,0.42,Premium,E,VS1,62.1,55.0,1181,4.85,4.81,3.0
41058,0.52,Very Good,E,SI2,62.6,58.0,1190,5.11,5.14,3.21
41078,0.41,Premium,F,VVS2,61.0,59.0,1192,4.83,4.77,2.93
41082,0.41,Premium,F,VVS2,60.1,59.0,1192,4.82,4.79,2.89
41106,0.51,Very Good,E,SI2,61.6,57.0,1195,5.17,5.19,3.19
41224,0.43,Premium,G,VVS1,60.3,58.0,1207,4.87,4.91,2.95
41230,0.4,Very Good,E,IF,62.9,58.0,1207,4.68,4.77,2.97
41295,0.34,Ideal,D,VVS1,61.7,56.0,1211,4.48,4.46,2.76
41300,0.38,Ideal,E,VS1,62.2,54.0,1211,4.65,4.63,2.89
41352,0.57,Premium,H,SI1,59.3,58.0,1218,5.4,5.46,3.22
41366,0.5,Premium,H,SI1,62.1,60.0,1219,5.06,5.02,3.13
41378,0.53,Ideal,F,SI2,60.9,55.0,1220,5.26,5.29,3.21
41419,0.55,Premium,G,SI1,60.7,56.0,1226,5.38,5.32,3.25
41436,0.42,Ideal,F,VS1,61.6,55.0,1228,4.84,4.87,2.99
41458,0.45,Premium,F,VS1,62.1,59.0,1229,4.85,4.81,3.0
41626,0.29,Ideal,F,VS2,61.6,56.0,504,4.28,4.32,2.65
41638,0.32,Premium,J,VS2,61.9,58.0,504,4.38,4.35,2.7
41693,0.5,Ideal,G,SI1,62.5,57.0,1240,5.09,5.05,3.17
41699,0.45,Good,E,VS1,61.7,63.0,1241,4.88,4.91,3.02
41864,0.4,Ideal,G,IF,61.1,56.0,1257,4.76,4.79,2.92
41868,0.38,Premium,D,VVS2,61.9,56.0,1257,4.65,4.63,2.87
41900,0.54,Ideal,F,SI1,61.5,55.0,1260,5.23,5.28,3.23
42007,0.59,Ideal,F,SI2,61.8,55.0,1265,5.41,5.44,3.35
42264,0.44,Premium,G,VVS1,60.9,59.0,1294,4.96,4.9,3.0
42285,0.36,Ideal,I,SI1,61.3,55.0,505,4.6,4.64,2.83
42298,0.32,Ideal,H,VS2,62.0,55.0,505,4.38,4.4,2.72
42351,0.39,Ideal,E,VVS2,61.6,56.0,1300,4.69,4.73,2.9
42434,0.46,Premium,G,VVS2,61.3,60.0,1314,4.94,5.01,3.05
42477,0.51,Very Good,E,SI1,60.8,55.0,1318,5.17,5.2,3.15
42483,0.59,Good,F,SI1,59.5,62.0,1318,5.45,5.5,3.26
42555,0.42,Premium,F,VVS1,60.5,58.0,1326,4.81,4.84,2.92
42588,0.35,Ideal,D,VVS1,60.6,56.0,1330,4.58,4.59,2.78
42628,0.32,Very Good,H,VS2,62.3,57.0,505,4.37,4.39,2.73
42661,0.4,Ideal,G,IF,62.2,55.0,1333,4.73,4.76,2.95
42717,0.54,Ideal,E,SI2,60.4,57.0,1340,5.33,5.27,3.2
42756,0.54,Very Good,D,SI2,63.2,57.0,1343,5.19,5.16,3.27
42760,0.56,Ideal,G,SI1,62.5,57.0,1345,5.26,5.23,3.28
42835,0.51,Ideal,E,SI1,61.5,54.0,1356,5.15,5.19,3.18
42839,0.41,Ideal,F,VVS1,60.9,56.0,1356,4.83,4.79,2.93
42850,0.41,Ideal,F,VVS1,62.3,55.0,1356,4.79,4.74,2.97
42873,0.55,Ideal,G,SI2,61.6,56.0,1358,5.28,5.31,3.26
43002,0.58,Ideal,I,VVS2,62.0,56.0,1369,5.34,5.38,3.32
43102,0.57,Very Good,E,SI2,58.8,57.3,1384,5.42,5.46,3.21
43104,0.57,Ideal,G,SI1,62.1,56.0,1384,5.28,5.32,3.29
43166,0.42,Ideal,D,VVS2,62.1,55.0,1389,4.81,4.78,2.98
43185,0.54,Very Good,G,SI1,63.2,58.0,1392,5.15,5.16,3.26
43228,0.4,Ideal,E,VVS1,61.5,56.0,1397,4.73,4.7,2.9
43303,0.61,Premium,F,SI2,60.9,58.0,1401,5.52,5.44,3.34
43347,0.51,Ideal,F,SI1,60.0,57.0,1406,5.25,5.21,3.14
43425,0.35,Fair,G,VS2,65.9,54.0,1415,5.57,5.53,3.66
43438,0.55,Premium,G,SI1,61.3,59.0,1415,5.28,5.23,3.22
43453,0.5,Good,E,SI1,63.7,56.0,1415,5.06,5.02,3.21
43501,0.54,Ideal,E,SI1,61.3,56.0,1422,5.22,5.25,3.21
43551,0.5,Good,G,VS1,57.5,56.0,1429,5.3,5.24,3.03
43675,0.5,Very Good,F,VS2,63.0,55.0,1436,5.04,5.09,3.19
43724,0.51,Very Good,G,VS2,62.9,57.0,1438,5.06,5.12,3.2
43731,0.51,Very Good,G,VS2,62.9,58.0,1438,5.06,5.11,3.2
43744,0.51,Ideal,E,SI1,62.7,55.0,1438,5.07,5.1,3.19
43758,0.41,Premium,F,IF,62.6,58.0,1439,4.73,4.76,2.97
43806,0.51,Very Good,G,VS2,63.4,55.0,1443,5.06,5.03,3.2
43826,0.51,Premium,E,SI1,58.8,58.0,1443,5.28,5.23,3.09
43918,0.31,Ideal,I,VS1,61.4,55.2,513,4.32,4.35,2.66
44143,0.6,Ideal,F,SI2,61.7,56.0,1562,5.41,5.38,3.33
44178,0.54,Ideal,G,VS1,61.4,57.0,1567,5.2,5.23,3.2
44197,0.51,Ideal,D,SI1,61.8,55.0,1569,5.14,5.18,3.19
44245,0.51,Very Good,F,VS2,63.2,56.0,1574,5.1,5.06,3.21
44303,0.56,Very Good,D,SI1,63.9,56.0,1578,5.2,5.26,3.34
44335,0.33,Premium,H,VS2,61.3,60.0,521,4.44,4.47,2.73
44386,0.41,Ideal,D,VVS1,62.3,55.0,1582,4.78,4.75,2.97
44410,0.53,Ideal,E,SI1,61.9,55.0,1585,5.2,5.24,3.23
44511,0.52,Very Good,F,VS2,60.7,59.0,1600,5.14,5.18,3.13
44535,0.5,Very Good,G,VS1,61.9,59.0,1603,5.06,5.08,3.14
44684,0.5,Premium,D,SI1,62.8,58.0,1610,5.06,5.03,3.17
44695,0.56,Ideal,H,SI1,61.6,56.0,1612,5.29,5.33,3.27
44756,0.52,Premium,D,VS2,60.9,58.0,1619,5.22,5.16,3.16
44757,0.51,Ideal,F,VS2,62.8,57.0,1619,5.1,5.06,3.19
44811,0.5,Very Good,G,VS1,61.0,59.0,1624,5.09,5.14,3.12
44928,0.51,Ideal,G,VS1,59.0,59.0,1632,5.25,5.28,3.11
44950,0.5,Good,D,VS2,63.4,57.0,1635,5.04,5.09,3.21
44957,0.58,Very Good,I,VVS1,63.0,57.0,1636,5.29,5.34,3.35
44961,0.58,Premium,I,VVS1,62.6,59.0,1636,5.27,5.31,3.31
45082,0.55,Ideal,D,VS2,61.0,56.0,1645,5.28,5.31,3.23
45134,0.53,Very Good,E,VS2,62.8,57.0,1653,5.16,5.19,3.25
45179,0.51,Ideal,G,VS1,61.7,56.0,1656,5.1,5.14,3.16
45303,0.3,Very Good,D,SI1,62.3,57.0,524,4.26,4.31,2.67
45322,0.32,Very Good,E,SI1,60.4,61.0,524,4.39,4.42,2.66
45347,0.59,Ideal,E,SI1,62.4,55.0,1664,5.34,5.39,3.35
45413,0.51,Ideal,G,VS1,61.7,56.0,1668,5.1,5.2,3.18
45414,0.51,Ideal,G,VS1,60.4,59.0,1668,5.16,5.21,3.13
45419,0.55,Ideal,E,SI1,61.7,57.0,1668,5.27,5.23,3.24
45434,0.52,Very Good,E,VS2,63.3,56.0,1670,5.12,5.08,3.23
45572,0.52,Ideal,E,VS2,62.2,56.0,1689,5.11,5.15,3.19
45678,0.56,Ideal,H,VS2,61.8,54.0,1694,5.34,5.31,3.29
45743,0.52,Good,D,VS2,63.4,56.0,1701,5.09,5.16,3.25
45744,0.52,Very Good,D,VS2,59.4,61.0,1701,5.23,5.24,3.11
46037,0.57,Ideal,E,SI1,62.1,56.0,1728,5.33,5.3,3.3
46164,0.5,Ideal,E,VS2,61.4,57.0,1746,5.11,5.08,3.13
46170,0.5,Premium,E,VS2,62.7,54.0,1746,5.1,5.07,3.19
46217,0.51,Very Good,G,VS1,62.4,60.0,1752,5.05,5.08,3.16
46247,0.53,Premium,D,SI1,60.0,58.0,1753,5.29,5.24,3.16
46255,0.54,Very Good,G,VS1,61.6,56.0,1754,5.23,5.26,3.23
46318,0.3,Good,G,VS2,63.9,55.0,526,4.27,4.28,2.73
46423,0.53,Ideal,G,VS2,61.6,57.0,1769,5.15,5.2,3.19
46425,0.53,Ideal,E,SI1,60.9,57.0,1769,5.21,5.24,3.18
46468,0.53,Good,D,VS1,60.2,56.0,1775,5.22,5.28,3.16
46506,0.56,Premium,F,VS2,59.6,58.0,1778,5.36,5.34,3.19
46508,0.51,Ideal,D,VS1,62.4,57.0,1779,5.09,5.13,3.19
46536,0.51,Premium,E,VS2,60.3,59.0,1781,5.22,5.2,3.14
46628,0.3,Ideal,H,VS1,62.2,57.0,526,4.28,4.3,2.67
46724,0.51,Ideal,G,VVS2,62.1,55.5,1794,5.08,5.13,3.18
46736,0.58,Ideal,F,VS2,62.4,57.0,1798,5.31,5.33,3.32
46771,0.66,Premium,F,SI1,60.6,58.0,1802,5.69,5.63,3.43
46775,0.56,Ideal,D,SI1,61.9,55.0,1803,5.31,5.29,3.28
46814,0.51,Ideal,D,VS2,61.4,57.0,1807,5.16,5.13,3.16
46858,0.51,Ideal,G,VVS2,60.1,56.0,1813,5.22,5.24,3.14
46887,0.54,Premium,F,VS2,62.4,55.0,1814,5.23,5.19,3.25
46947,0.52,Premium,E,VS2,62.3,57.0,1815,5.17,5.1,3.2
47279,0.55,Ideal,H,VVS1,61.7,55.0,1845,5.27,5.3,3.27
47304,0.23,Good,G,VVS1,56.2,60.0,395,4.14,4.19,2.34
47378,0.57,Premium,D,SI1,61.1,56.0,1847,5.38,5.33,3.27
47451,0.53,Ideal,D,VS2,62.1,55.0,1857,5.17,5.2,3.22
47561,0.71,Very Good,I,SI2,63.7,57.0,1875,5.64,5.67,3.6
47672,0.51,Ideal,D,VS2,61.7,55.0,1882,5.14,5.11,3.16
47691,0.57,Very Good,E,VS1,62.9,57.0,1883,5.27,5.29,3.32
47720,0.59,Premium,H,VVS2,62.3,55.0,1886,5.42,5.33,3.35
47811,0.71,Very Good,I,SI2,61.9,54.0,1902,5.67,5.74,3.53
47827,0.55,Ideal,H,IF,62.3,54.0,1905,5.25,5.28,3.28
47861,0.64,Very Good,D,SI1,63.7,54.0,1910,5.47,5.52,3.5
47888,0.59,Premium,D,SI1,62.3,54.0,1912,5.41,5.38,3.36
48015,0.7,Fair,F,SI2,58.2,66.0,1920,5.77,5.74,3.35
48016,0.5,Premium,E,VS2,60.3,58.0,1920,5.15,5.13,3.1
48063,0.55,Ideal,D,VS2,61.8,54.0,1928,5.26,5.29,3.26
48078,0.56,Ideal,E,VS1,61.3,55.0,1930,5.29,5.32,3.25
48080,0.56,Very Good,E,VS1,62.7,60.0,1931,5.25,5.28,3.3
48155,0.59,Ideal,E,VS2,60.2,61.0,1941,5.43,5.47,3.28
48161,0.5,Very Good,F,VVS2,62.7,56.0,1942,5.08,5.03,3.17
48308,0.33,Ideal,I,VS1,62.1,53.9,534,4.43,4.45,2.76
48322,0.23,Ideal,G,VVS1,60.8,57.0,536,3.96,3.99,2.41
48337,0.54,Premium,E,VS1,61.3,56.0,1960,5.27,5.23,3.22
48339,0.5,Ideal,F,VVS2,62.1,58.0,1960,5.07,5.11,3.16
48375,0.68,Very Good,F,SI1,60.1,57.9,1964,5.69,5.74,3.43
48408,0.61,Very Good,H,VVS2,61.4,57.0,1970,5.46,5.5,3.36
48535,0.54,Ideal,D,VS1,61.6,54.0,1987,5.24,5.25,3.23
48553,0.55,Ideal,D,VS1,61.7,55.0,1990,5.26,5.25,3.24
48637,0.37,Ideal,I,VS2,61.5,56.0,537,4.6,4.63,2.84
48639,0.31,Premium,I,SI1,62.3,58.0,537,4.38,4.35,2.72
48836,0.57,Ideal,E,VS1,61.6,56.9,2030,5.29,5.36,3.28
48951,0.57,Premium,D,VS2,61.7,60.0,2047,5.32,5.28,3.27
49035,0.7,Ideal,I,SI1,61.9,58.0,2054,5.67,5.7,3.52
49073,0.48,Ideal,F,IF,62.0,54.0,2059,5.0,5.05,3.11
49101,0.52,Very Good,F,VVS2,62.1,58.0,2064,5.12,5.16,3.19
49145,0.5,Very Good,D,VS1,62.1,58.0,2068,5.07,5.1,3.16
49262,0.71,Very Good,F,SI1,63.0,56.0,2088,5.65,5.72,3.58
49305,0.24,Ideal,F,VVS2,61.5,56.0,540,3.99,4.01,2.46
49642,0.32,Premium,F,SI2,59.7,59.0,540,4.48,4.43,2.66
49664,0.6,Ideal,E,VS2,60.6,56.0,2141,5.47,5.52,3.33
49715,0.56,Ideal,G,VVS2,62.6,53.0,2148,5.27,5.31,3.31
49762,0.7,Premium,H,SI2,58.8,59.0,2159,5.92,5.84,3.44
49777,0.7,Good,F,SI1,63.1,57.0,2161,5.61,5.65,3.55
49821,0.61,Ideal,G,VS1,60.9,57.0,2167,5.46,5.5,3.34
49852,0.87,Premium,F,I1,59.1,58.0,2170,6.25,6.21,3.68
49905,0.74,Very Good,E,SI2,61.7,56.0,2179,5.76,5.9,3.6
49951,0.3,Premium,H,SI1,62.2,60.0,540,4.28,4.24,2.65
49967,0.33,Very Good,E,SI1,59.1,59.0,540,4.54,4.59,2.7
49985,0.71,Ideal,E,SI2,62.3,57.0,2190,5.66,5.74,3.55
50022,0.7,Very Good,F,SI1,62.6,56.0,2196,5.66,5.72,3.56
50042,0.81,Premium,J,SI1,61.8,57.0,2199,6.02,5.96,3.7
50058,0.7,Very Good,I,VS2,62.8,59.0,2202,5.56,5.61,3.51
50081,0.51,Premium,D,VS1,60.0,58.0,2203,5.19,5.14,3.1
50178,0.71,Very Good,F,SI1,62.1,58.0,2221,5.64,5.72,3.53
50205,0.8,Premium,J,SI1,60.1,57.0,2227,6.03,5.98,3.61
50344,0.67,Good,F,VS1,64.4,57.0,2244,5.55,5.6,3.6
50360,0.72,Premium,G,SI1,60.6,62.0,2246,5.81,5.77,3.51
50464,0.72,Premium,E,SI1,62.1,58.0,2265,5.69,5.72,3.54
50608,0.7,Ideal,H,SI2,60.4,58.0,2285,5.82,5.77,3.5
50631,0.23,Very Good,D,VS2,62.9,57.0,402,3.92,3.97,2.48
50720,0.72,Very Good,D,SI2,59.8,60.0,2294,5.76,5.81,3.46
50747,0.81,Fair,I,VS1,66.5,53.0,2297,5.76,5.83,3.86
50785,0.76,Premium,E,SI2,61.3,59.0,2303,5.85,5.83,3.58
50792,0.96,Fair,J,I1,59.5,60.0,2304,6.28,6.23,3.72
50951,0.87,Premium,J,SI1,61.4,57.0,2321,6.17,6.14,3.78
50987,0.31,Very Good,H,VS1,62.9,58.0,544,4.31,4.34,2.72
51041,0.82,Premium,E,SI2,60.0,56.0,2329,6.11,6.08,3.66
51054,0.7,Premium,H,SI1,62.8,57.0,2331,5.66,5.61,3.54
51149,0.71,Very Good,E,SI2,58.4,63.0,2343,5.85,5.8,3.4
51239,0.7,Ideal,I,VVS2,62.1,56.0,2353,5.65,5.71,3.53
51244,0.72,Ideal,H,SI1,62.3,54.0,2354,5.78,5.75,3.59
51290,0.77,Ideal,E,SI2,61.0,57.0,2360,5.95,5.92,3.62
51325,0.31,Very Good,G,VS2,62.6,57.0,544,4.3,4.32,2.7
51356,0.61,Ideal,D,VS2,61.6,56.0,2364,5.46,5.49,3.37
51397,0.73,Very Good,I,VS2,62.2,57.0,2369,5.75,5.76,3.58
51404,0.7,Fair,F,VS2,65.5,57.0,2369,5.55,5.41,3.59
51455,0.72,Ideal,H,VS2,62.8,57.0,2376,5.74,5.7,3.59
51613,0.73,Very Good,E,SI2,62.1,58.0,2395,5.75,5.81,3.59
51621,0.72,Very Good,G,SI1,62.8,60.0,2396,5.78,5.68,3.6
51669,0.7,Ideal,I,VS1,62.1,57.0,2398,5.69,5.71,3.54
51671,0.72,Ideal,E,SI2,62.3,54.0,2398,5.75,5.78,3.59
51801,0.7,Premium,H,VS2,60.7,59.0,2415,5.68,5.66,3.44
51811,0.71,Ideal,D,SI2,61.5,55.0,2416,5.72,5.8,3.54
51890,0.78,Good,D,SI2,57.5,63.0,2430,6.13,6.05,3.5
51910,0.7,Premium,H,VS1,60.2,56.0,2435,5.78,5.71,3.46
51942,0.7,Good,F,VS1,64.0,57.0,2441,5.62,5.54,3.57
51985,0.25,Very Good,F,VVS2,63.0,57.0,548,3.98,4.08,2.54
52001,0.81,Very Good,I,VS2,62.6,59.7,2444,5.86,5.92,3.69
52030,0.71,Very Good,I,VVS2,61.5,58.0,2448,5.73,5.81,3.55
52048,0.8,Premium,G,SI2,61.4,56.0,2451,5.99,5.96,3.67
52097,0.81,Ideal,G,SI2,61.7,57.0,2459,5.98,6.01,3.7
52255,1.01,Premium,J,I1,60.7,59.0,2488,6.39,6.42,3.89
52365,0.73,Very Good,F,VS2,58.9,60.0,2503,5.9,5.81,3.45
52374,0.72,Very Good,H,SI1,60.3,55.0,2505,5.84,5.85,3.52
52389,0.57,Ideal,F,VVS1,60.7,57.0,2507,5.39,5.36,3.26
52423,1.3,Fair,H,I1,64.4,57.0,2512,6.93,6.86,4.44
52518,0.77,Premium,G,SI1,62.6,58.0,2528,5.85,5.88,3.67
52578,0.71,Ideal,G,VS2,61.6,55.0,2537,5.74,5.78,3.55
52733,0.55,Ideal,F,VVS2,62.3,54.0,2558,5.27,5.29,3.29
52790,0.72,Ideal,F,VS2,61.9,54.0,2568,5.77,5.74,3.56
52793,0.71,Very Good,H,VS1,62.1,55.0,2569,5.71,5.72,3.55
52870,0.88,Good,I,SI1,60.2,64.0,2581,6.22,6.18,3.73
52948,0.7,Very Good,E,VS2,62.5,57.0,2593,5.64,5.68,3.54
53027,0.61,Ideal,G,IF,61.8,52.0,2601,5.46,5.55,3.4
53030,0.72,Ideal,I,VVS2,61.0,57.0,2602,5.81,5.84,3.55
53065,0.72,Fair,H,VVS2,56.5,68.0,2608,6.03,5.89,3.37
53134,0.75,Ideal,D,SI2,61.5,55.0,2618,5.85,5.89,3.61
53198,0.7,Ideal,E,VS2,62.1,57.0,2633,5.68,5.73,3.54
53285,0.3,Premium,D,SI1,62.4,60.0,552,4.23,4.26,2.65
53325,0.78,Ideal,I,VS2,59.8,58.0,2652,5.98,6.02,3.59
53349,0.7,Fair,G,VS2,64.4,56.0,2657,5.64,5.57,3.61
53361,0.7,Premium,G,VS2,60.9,60.0,2657,5.72,5.68,3.47
53419,0.72,Premium,F,SI1,59.5,62.0,2670,5.85,5.74,3.45
53482,0.9,Premium,F,SI2,58.5,60.0,2681,6.3,6.25,3.67
53498,0.73,Premium,F,VS2,62.3,60.0,2683,5.77,5.73,3.58
53520,0.72,Very Good,E,SI2,61.4,58.0,2688,5.76,5.8,3.55
53566,0.7,Very Good,E,VS1,63.4,62.0,2695,5.64,5.56,3.55
53574,0.7,Ideal,E,VS2,62.8,57.0,2697,5.71,5.62,3.56
53582,0.75,Premium,E,SI1,62.8,56.0,2698,5.78,5.75,3.62
53616,0.3,Ideal,I,VVS1,62.4,56.0,552,4.3,4.32,2.69
53636,0.3,Ideal,I,VVS1,62.1,56.0,552,4.3,4.33,2.68
53718,0.51,Ideal,E,VVS1,61.9,54.0,2720,5.11,5.17,3.18
53798,0.72,Ideal,E,SI1,61.3,56.0,2731,5.77,5.81,3.55
53801,0.9,Fair,I,VS1,68.7,62.0,2732,5.83,5.79,3.99
53876,1.04,Very Good,I,I1,61.6,61.0,2745,6.45,6.47,3.98
53877,0.7,Ideal,E,SI1,61.7,55.0,2745,5.71,5.74,3.53
53921,0.7,Very Good,E,VS2,62.4,60.0,2755,5.57,5.61,3.49
53924,0.73,Ideal,I,VS2,61.3,56.0,2756,5.8,5.84,3.57
