date,pce,pop,psavert,uempmed,unemploy
01-07-1967,507.4,198712,12.5,4.5,2944
01-08-1967,510.5,198911,12.5,4.7,2945
01-09-1967,516.3,199113,11.7,4.6,2958
01-10-1967,512.9,199311,12.5,4.9,3143
01-11-1967,518.1,199498,12.5,4.7,3066
01-12-1967,525.8,199657,12.1,4.8,3018
01-01-1968,531.5,199808,11.7,5.1,2878
01-02-1968,534.2,199920,12.2,4.5,3001
01-03-1968,544.9,200056,11.6,4.1,2877
01-04-1968,544.6,200208,12.2,4.6,2709
01-05-1968,550.4,200361,12,4.4,2740
01-06-1968,556.8,200536,11.6,4.4,2938
01-07-1968,563.8,200706,10.6,4.5,2883
01-08-1968,567.6,200898,10.4,4.2,2768
01-09-1968,568.8,201095,10.4,4.6,2686
01-10-1968,572.3,201290,10.6,4.8,2689
01-11-1968,577.4,201466,10.4,4.4,2715
01-12-1968,577.2,201621,10.9,4.4,2685
01-01-1969,584.2,201760,10,4.4,2718
01-02-1969,589.5,201881,9.4,4.9,2692
01-03-1969,589.7,202023,9.9,4,2712
01-04-1969,594.7,202161,9.5,4,2758
01-05-1969,601.1,202331,10,4.2,2713
01-06-1969,601.7,202507,10.9,4.4,2816
01-07-1969,603.5,202677,11.7,4.4,2868
01-08-1969,610.8,202877,11.5,4.4,2856
01-09-1969,614.1,203090,11.5,4.7,3040
01-10-1969,619.4,203302,11.3,4.5,3049
01-11-1969,621.4,203500,11.5,4.8,2856
01-12-1969,623.7,203675,11.7,4.6,2884
01-01-1970,629.6,203849,11.7,4.6,3201
01-02-1970,634.9,204008,11.6,4.5,3453
01-03-1970,633.2,204156,12.3,4.6,3635
01-04-1970,637,204401,13.3,4.1,3797
01-05-1970,643.4,204607,12.3,4.7,3919
01-06-1970,647.2,204830,11.7,4.9,4071
01-07-1970,649.5,205052,13.2,5.1,4175
01-08-1970,653.9,205295,13.1,5.4,4256
01-09-1970,660.1,205540,12.9,5.2,4456
01-10-1970,659.3,205788,13,5.2,4591
01-11-1970,657.6,206024,13.3,5.6,4898
01-12-1970,666.6,206238,12.9,5.9,5076
01-01-1971,677.2,206466,13.1,6.2,4986
01-02-1971,680.4,206668,13.1,6.3,4903
01-03-1971,683,206855,13.3,6.4,4987
01-04-1971,689.8,207065,13,6.5,4959
01-05-1971,692.2,207260,13.4,6.7,4996
01-06-1971,700.8,207462,14.4,5.7,4949
01-07-1971,699.9,207661,13.6,6.2,5035
01-08-1971,706,207881,13.6,6.4,5134
01-09-1971,714.1,208114,12.9,5.8,5042
01-10-1971,716.9,208345,13,6.5,4954
01-11-1971,722.1,208555,12.8,6.4,5161
01-12-1971,729.6,208740,12.9,6.2,5154
01-01-1972,732.6,208917,12.4,6.2,5019
01-02-1972,737.3,209061,12.6,6.6,4928
01-03-1972,750.4,209212,11.5,6.6,5038
01-04-1972,753.8,209386,11.3,6.7,4959
01-05-1972,759.2,209545,11.5,6.6,4922
01-06-1972,762.9,209725,11.4,5.4,4923
01-07-1972,771.2,209896,11.4,6.1,4913
01-08-1972,777.7,210075,11.8,6,4939
01-09-1972,782.5,210278,12,5.6,4849
01-10-1972,796.3,210479,12.7,5.7,4875
01-11-1972,801.8,210656,13.4,5.7,4602
01-12-1972,807.5,210821,13.4,6.1,4543
01-01-1973,817.9,210985,12.1,5.7,4326
01-02-1973,827.2,211120,12.2,5.2,4452
01-03-1973,834.2,211254,12.4,5.5,4394
01-04-1973,837.2,211420,12.8,5,4459
01-05-1973,843.1,211577,12.8,4.9,4329
01-06-1973,845.8,211746,13.2,5,4363
01-07-1973,855.7,211909,12.8,5.2,4305
01-08-1973,854.9,212092,13.6,4.9,4305
01-09-1973,870.9,212289,12.8,5.4,4350
01-10-1973,869.8,212475,14,5.5,4144
01-11-1973,878.6,212634,14,5.1,4396
01-12-1973,878.4,212785,14.4,4.7,4489
01-01-1974,886.4,212932,14,5,4644
01-02-1974,891.6,213074,13.8,5.1,4731
01-03-1974,903.3,213211,13,4.8,4634
01-04-1974,912.7,213361,12.7,5,4618
01-05-1974,924.3,213513,12.3,4.6,4705
01-06-1974,929.9,213686,12.5,5.3,4927
01-07-1974,939.8,213854,12.7,5.7,5063
01-08-1974,956.6,214042,11.6,5,5022
01-09-1974,956.8,214246,12.3,5.3,5437
01-10-1974,961,214451,13,5.5,5523
01-11-1974,958,214625,13.4,5.2,6140
01-12-1974,963.6,214782,13.6,5.7,6636
01-01-1975,977.4,214931,12.8,6.3,7501
01-02-1975,991.3,215065,12.1,7.1,7520
01-03-1975,992.6,215198,12.3,7.2,7978
01-04-1975,997.2,215353,13.9,8.7,8210
01-05-1975,1021.2,215523,17,9.4,8433
01-06-1975,1029.1,215768,13.9,8.8,8220
01-07-1975,1042.2,215973,12.3,8.6,8127
01-08-1975,1049.4,216195,12.6,9.2,7928
01-09-1975,1057.2,216393,12.6,9.2,7923
01-10-1975,1063.2,216587,13,8.6,7897
01-11-1975,1078,216771,12.3,9.5,7794
01-12-1975,1094.4,216931,11.5,9,7744
01-01-1976,1109.5,217095,11.3,9,7534
01-02-1976,1110.1,217249,11.9,8.2,7326
01-03-1976,1117.3,217381,11.8,8.7,7230
01-04-1976,1127.8,217528,11.2,8.2,7330
01-05-1976,1125.1,217685,11.8,8.3,7053
01-06-1976,1142.9,217861,10.9,7.8,7322
01-07-1976,1152.1,218035,11.2,7.7,7490
01-08-1976,1160.5,218233,11.2,7.9,7518
01-09-1976,1171.4,218440,10.8,7.8,7380
01-10-1976,1179.5,218644,10.6,7.7,7430
01-11-1976,1191.7,218834,10.9,8.4,7620
01-12-1976,1214.1,219006,9.9,8,7545
01-01-1977,1217.4,219179,9.8,7.5,7280
01-02-1977,1233.7,219344,8.5,7.2,7443
01-03-1977,1240.7,219504,9.8,7.2,7307
01-04-1977,1249.7,219684,9.9,7.3,7059
01-05-1977,1259.6,219859,9.8,7.9,6911
01-06-1977,1266.3,220046,10.2,6.2,7134
01-07-1977,1283.2,220239,10.1,7.1,6829
01-08-1977,1288.5,220458,10.5,7,6925
01-09-1977,1297.4,220688,10.7,6.7,6751
01-10-1977,1314.3,220904,10.7,6.9,6763
01-11-1977,1330,221109,10.8,7,6815
01-12-1977,1339.3,221303,11,6.8,6386
01-01-1978,1333,221477,11.4,6.5,6489
01-02-1978,1358.9,221629,10.7,6.7,6318
01-03-1978,1381.4,221792,10.5,6.2,6337
01-04-1978,1400.2,221991,10.3,6.1,6180
01-05-1978,1415.9,222176,9.8,5.7,6127
01-06-1978,1429.8,222379,9.5,6,6028
01-07-1978,1430.8,222585,10.3,5.8,6309
01-08-1978,1451,222805,9.9,5.8,6080
01-09-1978,1456.9,223053,10,5.6,6125
01-10-1978,1471,223271,10.2,5.9,5947
01-11-1978,1484.7,223477,10,5.5,6077
01-12-1978,1500.5,223670,10,5.6,6228
01-01-1979,1506.3,223865,10.6,5.9,6109
01-02-1979,1521.6,224053,10.5,5.9,6173
01-03-1979,1535,224235,10.7,5.9,6109
01-04-1979,1542.3,224438,10.4,5.4,6069
01-05-1979,1562.7,224632,9.8,5.6,5840
01-06-1979,1579.6,224843,9.3,5.6,5959
01-07-1979,1590.1,225055,10,5.9,5996
01-08-1979,1619.7,225295,9.2,4.8,6320
01-09-1979,1638.1,225547,8.9,5.5,6190
01-10-1979,1646,225801,9.3,5.5,6296
01-11-1979,1661.7,226027,9.4,5.3,6238
01-12-1979,1670.7,226243,9.8,5.7,6325
01-01-1980,1701.6,226451,9.6,5.3,6683
01-02-1980,1705.6,226656,9.8,5.8,6702
01-03-1980,1712.4,226849,9.8,6,6729
01-04-1980,1699.5,227061,10.5,5.8,7358
01-05-1980,1704.3,227251,10.6,5.7,7984
01-06-1980,1723,227522,10.4,6.4,8098
01-07-1980,1751.2,227726,10.5,7,8363
01-08-1980,1767.7,227953,10.6,7.5,8281
01-09-1980,1784.1,228186,11.1,7.7,8021
01-10-1980,1820.4,228417,11,7.5,8088
01-11-1980,1830.2,228612,11.5,7.7,8023
01-12-1980,1855.5,228779,11.2,7.5,7718
01-01-1981,1874.7,228937,10.5,7.4,8071
01-02-1981,1889.4,229071,10.4,7.1,8051
01-03-1981,1908.1,229224,10.3,7.1,7982
01-04-1981,1909.1,229403,10.3,7.4,7869
01-05-1981,1918.2,229575,10.4,6.9,8174
01-06-1981,1938.5,229761,10.2,6.6,8098
01-07-1981,1945.7,229966,11.7,7.1,7863
01-08-1981,1969.8,230187,11.4,7.2,8036
01-09-1981,1968.2,230412,11.9,6.8,8230
01-10-1981,1966.2,230641,12.5,6.8,8646
01-11-1981,1972.4,230822,12.7,6.9,9029
01-12-1981,1989.9,230989,12,6.9,9267
01-01-1982,1997.4,231157,12.2,7.1,9397
01-02-1982,2021.4,231313,11.6,7.5,9705
01-03-1982,2024.4,231470,11.7,7.7,9895
01-04-1982,2027.2,231645,12.4,8.1,10244
01-05-1982,2045.9,231809,11.7,8.5,10335
01-06-1982,2050.2,231992,11.6,9.5,10538
01-07-1982,2075.1,232188,12,8.5,10849
01-08-1982,2083.7,232392,11.9,8.7,10881
01-09-1982,2108.9,232599,11.1,9.5,11217
01-10-1982,2130.7,232816,10.7,9.7,11529
01-11-1982,2154.7,232993,10.3,10,11938
01-12-1982,2167.4,233160,10.3,10.2,12051
01-01-1983,2180.1,233322,10.4,11.1,11534
01-02-1983,2183.1,233473,10.5,9.8,11545
01-03-1983,2208.6,233613,10,10.4,11408
01-04-1983,2231.8,233781,9.6,10.9,11268
01-05-1983,2251,233922,9.4,12.3,11154
01-06-1983,2280.8,234118,8.5,11.3,11246
01-07-1983,2309,234307,9,10.1,10548
01-08-1983,2324.8,234501,8.7,9.3,10623
01-09-1983,2339.1,234701,9,9.3,10282
01-10-1983,2361.8,234907,9.1,9.4,9887
01-11-1983,2370.4,235078,9.7,9.3,9499
01-12-1983,2397.9,235235,9.5,8.7,9331
01-01-1984,2423.8,235385,9.4,9.1,9008
01-02-1984,2408.1,235527,11.1,8.3,8791
01-03-1984,2436.4,235675,10.9,8.3,8746
01-04-1984,2462.6,235839,10.9,8.2,8762
01-05-1984,2479.8,235993,10.5,9.1,8456
01-06-1984,2501.2,236160,10.5,7.5,8226
01-07-1984,2500.5,236348,11,7.5,8537
01-08-1984,2518.4,236549,11.2,7.3,8519
01-09-1984,2540.3,236760,11.2,7.6,8367
01-10-1984,2538.2,236976,11.2,7.2,8381
01-11-1984,2578.6,237159,10.3,7.2,8198
01-12-1984,2590,237316,10.6,7.3,8358
01-01-1985,2626.3,237468,9.7,6.8,8423
01-02-1985,2648.6,237602,8.5,7.1,8321
01-03-1985,2656.8,237732,8.1,7.1,8339
01-04-1985,2668.4,237900,9.4,6.9,8395
01-05-1985,2705.9,238074,10.5,6.9,8302
01-06-1985,2699.3,238270,9,6.6,8460
01-07-1985,2725.9,238466,8.5,6.9,8513
01-08-1985,2762.7,238679,7.5,7.1,8196
01-09-1985,2805.6,238898,6.7,6.9,8248
01-10-1985,2767.1,239113,8.5,7.1,8298
01-11-1985,2782.7,239307,8.4,7,8128
01-12-1985,2822.8,239477,8,6.8,8138
01-01-1986,2838.3,239638,8,6.7,7795
01-02-1986,2831.2,239788,8.7,6.9,8402
01-03-1986,2834.7,239928,9.3,6.8,8383
01-04-1986,2846.5,240094,9.1,6.7,8364
01-05-1986,2869,240271,8.6,6.8,8439
01-06-1986,2873.5,240459,8.8,7,8508
01-07-1986,2893.4,240651,8.7,6.9,8319
01-08-1986,2911.1,240854,8.4,7.1,8135
01-09-1986,2984.6,241068,6.6,7.4,8310
01-10-1986,2945.9,241274,7.8,7,8243
01-11-1986,2941.7,241467,8.2,7.1,8159
01-12-1986,3010.8,241620,6.4,7.1,7883
01-01-1987,2949.9,241784,9.1,6.9,7892
01-02-1987,3016.5,241930,7.9,6.6,7865
01-03-1987,3028.4,242079,7.9,6.6,7862
01-04-1987,3054.1,242252,3.8,7.1,7542
01-05-1987,3063.9,242423,7.5,6.6,7574
01-06-1987,3088.4,242608,7,6.5,7398
01-07-1987,3110.7,242804,6.8,6.5,7268
01-08-1987,3147,243012,6.5,6.4,7261
01-09-1987,3142.9,243223,7,6,7102
01-10-1987,3151.1,243446,7.6,6.3,7227
01-11-1987,3160.9,243639,7.9,6.2,7035
01-12-1987,3190.9,243809,8,6,6936
01-01-1988,3230.7,243981,7.5,6.2,6953
01-02-1988,3238.5,244131,7.9,6.3,6929
01-03-1988,3277.8,244279,7.5,6.4,6876
01-04-1988,3280.4,244445,8.1,5.9,6601
01-05-1988,3311,244610,7.7,5.9,6779
01-06-1988,3335.6,244806,7.8,5.8,6546
01-07-1988,3359.3,245021,7.9,6.1,6605
01-08-1988,3384.3,245240,7.8,5.9,6843
01-09-1988,3391.4,245464,8.2,5.7,6604
01-10-1988,3430.4,245693,8,5.6,6568
01-11-1988,3447,245884,7.7,5.7,6537
01-12-1988,3476.3,246056,7.7,5.9,6518
01-01-1989,3499.9,246224,8,5.6,6682
01-02-1989,3503.9,246378,8.4,5.4,6359
01-03-1989,3514.5,246530,8.9,5.4,6205
01-04-1989,3558.6,246721,7.9,5.4,6468
01-05-1989,3567.5,246906,7.6,5.3,6375
01-06-1989,3582.4,247114,7.6,5.4,6577
01-07-1989,3601.7,247342,7.7,5.6,6495
01-08-1989,3636.8,247573,7.1,5,6511
01-09-1989,3638.1,247816,7.5,4.9,6590
01-10-1989,3650,248067,7.9,4.9,6630
01-11-1989,3659.7,248281,8,4.8,6725
01-12-1989,3700.7,248479,7.2,4.9,6667
01-01-1990,3747.2,248659,7.4,5.1,6752
01-02-1990,3744.8,248827,8.1,5.3,6651
01-03-1990,3771.5,249012,7.8,5.1,6598
01-04-1990,3786.7,249306,8.2,4.8,6797
01-05-1990,3792.5,249565,8,5.2,6742
01-06-1990,3821.3,249849,7.9,5.2,6590
01-07-1990,3838.5,250132,8,5.4,6922
01-08-1990,3865,250439,7.5,5.4,7188
01-09-1990,3886.7,250751,7.5,5.6,7368
01-10-1990,3887.1,251057,7.3,5.8,7459
01-11-1990,3888.4,251346,7.4,5.7,7764
01-12-1990,3877.8,251626,8.2,5.9,7901
01-01-1991,3857.6,251889,8.7,6,8015
01-02-1991,3883.3,252135,8.3,6.2,8265
01-03-1991,3929.7,252372,7.4,6.7,8586
01-04-1991,3923.9,252643,8,6.6,8439
01-05-1991,3950,252913,7.7,6.4,8736
01-06-1991,3957.1,253207,8.2,6.9,8692
01-07-1991,3982.4,253493,7.6,7,8586
01-08-1991,3985.4,253807,7.9,7.3,8666
01-09-1991,4001.2,254126,8.1,6.8,8722
01-10-1991,3992.9,254435,8.6,7.2,8842
01-11-1991,4020.6,254718,8.4,7.5,8931
01-12-1991,4037.7,254964,9.1,7.8,9198
01-01-1992,4101.9,255214,8.8,8.1,9283
01-02-1992,4116.8,255448,9.2,8.2,9454
01-03-1992,4134.3,255703,9.2,8.3,9460
01-04-1992,4149,255992,9.4,8.5,9415
01-05-1992,4176.1,256285,9.4,8.8,9744
01-06-1992,4195,256589,9.5,8.7,10040
01-07-1992,4223,256894,9.1,8.6,9850
01-08-1992,4239.3,257232,9.2,8.8,9787
01-09-1992,4273.9,257548,8.2,8.6,9781
01-10-1992,4303.5,257861,7.4,9,9398
01-11-1992,4319.5,258147,7.3,9,9565
01-12-1992,4355.6,258413,9.9,9.3,9557
01-01-1993,4359.7,258679,8.3,8.6,9325
01-02-1993,4374.3,258919,8.4,8.5,9183
01-03-1993,4371.4,259152,8.3,8.5,9056
01-04-1993,4412.4,259414,8.2,8.4,9110
01-05-1993,4441.3,259680,7.7,8.1,9149
01-06-1993,4458.8,259963,7.2,8.3,9121
01-07-1993,4487.7,260255,7,8.2,8930
01-08-1993,4499.9,260566,7.1,8.2,8763
01-09-1993,4530.5,260867,6.3,8.3,8714
01-10-1993,4552,261163,5.6,8,8750
01-11-1993,4573.4,261425,5.6,8.3,8542
01-12-1993,4590.7,261674,8.4,8.3,8477
01-01-1994,4604.8,261919,6.4,8.6,8630
01-02-1994,4652.3,262123,5.9,9.2,8583
01-03-1994,4665.4,262352,6.2,9.3,8470
01-04-1994,4690.7,262631,5.8,9.1,8331
01-05-1994,4689.2,262877,7.1,9.2,7915
01-06-1994,4728.8,263152,6.3,9.3,7927
01-07-1994,4740.8,263436,6.4,9,7946
01-08-1994,4783,263724,5.9,8.9,7933
01-09-1994,4795.5,264017,6.2,9.2,7734
01-10-1994,4833.3,264301,6.5,10,7632
01-11-1994,4846,264559,6.4,9,7375
01-12-1994,4862.3,264804,6.5,8.7,7230
01-01-1995,4871.9,265044,6.9,8,7375
01-02-1995,4871.7,265270,7.3,8.1,7187
01-03-1995,4906.5,265495,7,8.3,7153
01-04-1995,4911.5,265755,6.3,8.3,7645
01-05-1995,4954.4,265998,6.5,9.1,7430
01-06-1995,4999,266270,6.1,7.9,7427
01-07-1995,4991.8,266557,6.4,8.5,7527
01-08-1995,5027.1,266843,6.1,8.3,7484
01-09-1995,5042.5,267152,6.1,7.9,7478
01-10-1995,5035.9,267456,6.5,8.2,7328
01-11-1995,5077.8,267715,6,8,7426
01-12-1995,5120.1,267943,5.5,8.3,7423
01-01-1996,5108.9,268151,6.1,8.3,7491
01-02-1996,5156.1,268364,6.1,7.8,7313
01-03-1996,5196.4,268595,6,8.3,7318
01-04-1996,5231.6,268853,5,8.6,7415
01-05-1996,5247.2,269108,6.1,8.6,7423
01-06-1996,5253.7,269386,6.5,8.3,7095
01-07-1996,5275.8,269667,6.1,8.3,7337
01-08-1996,5299,269976,5.9,8.4,6882
01-09-1996,5320,270284,6,8.5,6979
01-10-1996,5351.5,270581,5.8,8.3,7031
01-11-1996,5375,270878,5.8,7.7,7236
01-12-1996,5401.7,271125,5.7,7.8,7253
01-01-1997,5434.9,271360,5.6,7.8,7158
01-02-1997,5457.7,271585,5.7,8.1,7102
01-03-1997,5477.6,271821,5.8,7.9,7000
01-04-1997,5482.8,272083,5.9,8.3,6873
01-05-1997,5484.3,272342,6.2,8,6655
01-06-1997,5518.2,272622,6,8,6799
01-07-1997,5573,272912,5.5,8.3,6655
01-08-1997,5611.8,273237,5.4,7.8,6608
01-09-1997,5625.6,273553,5.6,8.2,6656
01-10-1997,5661.2,273852,5.6,7.7,6454
01-11-1997,5685.2,274126,5.8,7.6,6308
01-12-1997,5716.4,274372,5.8,7.5,6476
01-01-1998,5714.4,274626,6.7,7.4,6368
01-02-1998,5748.4,274838,6.8,7,6306
01-03-1998,5775,275047,6.9,6.8,6422
01-04-1998,5812.9,275304,6.6,6.7,5941
01-05-1998,5863.3,275564,6.3,6,6047
01-06-1998,5897.2,275836,6.2,6.9,6212
01-07-1998,5915.6,276115,6.3,6.7,6259
01-08-1998,5951,276418,6.2,6.8,6179
01-09-1998,5991.8,276714,5.8,6.7,6300
01-10-1998,6025.8,277003,5.6,5.8,6280
01-11-1998,6042.7,277277,5.7,6.6,6100
01-12-1998,6098.2,277526,5.2,6.8,6032
01-01-1999,6099.1,277790,5.7,6.9,5976
01-02-1999,6128.2,277992,5.6,6.8,6111
01-03-1999,6159.7,278198,5.3,6.8,5783
01-04-1999,6223.6,278451,4.5,6.2,6004
01-05-1999,6253.4,278717,4.3,6.5,5796
01-06-1999,6281.9,279001,4.2,6.3,5951
01-07-1999,6309.5,279295,4.1,5.8,6025
01-08-1999,6354.8,279602,4,6.5,5838
01-09-1999,6407.4,279903,3.5,6,5915
01-10-1999,6431.2,280203,3.9,6.1,5778
01-11-1999,6467.2,280471,4.1,6.2,5716
01-12-1999,6568.2,280716,3.7,5.8,5653
01-01-2000,6564.7,280976,4.7,5.8,5708
01-02-2000,6648.7,281190,4.2,6.1,5858
01-03-2000,6714.8,281409,3.9,6,5733
01-04-2000,6701,281653,4.4,6.1,5481
01-05-2000,6737.2,281877,4.2,5.8,5758
01-06-2000,6773.6,282126,4.2,5.7,5651
01-07-2000,6793.7,282385,4.6,6,5747
01-08-2000,6828.7,282653,4.6,6.3,5853
01-09-2000,6913.1,282932,3.8,5.2,5625
01-10-2000,6919.6,283201,4,6.1,5534
01-11-2000,6934.5,283453,3.8,6.1,5639
01-12-2000,6979.1,283696,3.5,6,5634
01-01-2001,7009.8,283920,4,5.8,6023
01-02-2001,7029.3,284137,4.1,6.1,6089
01-03-2001,7022.1,284350,4.5,6.6,6141
01-04-2001,7036.2,284581,4.3,5.9,6271
01-05-2001,7083.1,284810,3.7,6.3,6226
01-06-2001,7097.1,285062,3.7,6,6484
01-07-2001,7109.2,285309,5,6.8,6583
01-08-2001,7146.1,285570,6.1,6.9,7042
01-09-2001,7054.8,285843,6.3,7.2,7142
01-10-2001,7250.2,286098,2.7,7.3,7694
01-11-2001,7209.6,286341,3.4,7.7,8003
01-12-2001,7190,286570,3.8,8.2,8258
01-01-2002,7217.7,286788,5.6,8.4,8182
01-02-2002,7259.7,286994,5.3,8.3,8215
01-03-2002,7276.7,287190,5.3,8.4,8304
01-04-2002,7345.6,287397,5.1,8.9,8599
01-05-2002,7321.8,287623,5.6,9.5,8399
01-06-2002,7366.1,287864,5.4,11,8393
01-07-2002,7424.2,288105,4.6,8.9,8390
01-08-2002,7449,288360,4.4,9,8304
01-09-2002,7426.1,288618,4.9,9.5,8251
01-10-2002,7469.3,288870,4.7,9.6,8307
01-11-2002,7499.8,289106,4.7,9.3,8520
01-12-2002,7552.6,289313,4.5,9.6,8640
01-01-2003,7579.5,289518,4.5,9.6,8520
01-02-2003,7573.6,289714,4.7,9.5,8618
01-03-2003,7627.5,289911,4.6,9.7,8588
01-04-2003,7661.7,290125,4.6,10.2,8842
01-05-2003,7669.2,290346,5.1,9.9,8957
01-06-2003,7722.9,290584,4.9,11.5,9266
01-07-2003,7783.8,290820,5.5,10.3,9011
01-08-2003,7878.9,291072,5.3,10.1,8896
01-09-2003,7874,291321,4.5,10.2,8921
01-10-2003,7890.6,291574,4.6,10.4,8732
01-11-2003,7950.4,291807,4.7,10.3,8576
01-12-2003,7974.3,292008,4.8,10.4,8317
01-01-2004,8037.3,292192,4.5,10.6,8370
01-02-2004,8072.1,292368,4.5,10.2,8167
01-03-2004,8121,292561,4.5,10.2,8491
01-04-2004,8141.6,292779,4.7,9.5,8170
01-05-2004,8212.9,292997,4.7,9.9,8212
01-06-2004,8204.6,293223,5,11,8286
01-07-2004,8270.7,293463,4.5,8.9,8136
01-08-2004,8294.4,293719,4.6,9.2,7990
01-09-2004,8373,293971,3.9,9.6,7927
01-10-2004,8417.9,294230,3.8,9.5,8061
01-11-2004,8458.4,294466,3.4,9.7,7932
01-12-2004,8516.5,294694,6.3,9.5,7934
01-01-2005,8521.2,294914,2.9,9.4,7784
01-02-2005,8575.7,295105,2.7,9.2,7980
01-03-2005,8622.5,295287,2.7,9.3,7737
01-04-2005,8715.9,295490,2.1,9,7672
01-05-2005,8680.6,295704,3,9.1,7651
01-06-2005,8775.3,295936,2.2,9,7524
01-07-2005,8867.9,296186,1.9,8.8,7406
01-08-2005,8872.6,296440,2.4,9.2,7345
01-09-2005,8923.6,296707,2.3,8.4,7553
01-10-2005,8959.6,296972,2.6,8.6,7453
01-11-2005,8987.7,297207,2.7,8.5,7566
01-12-2005,9026.8,297431,2.8,8.7,7279
01-01-2006,9100.1,297647,3.7,8.6,7064
01-02-2006,9134.7,297854,3.8,9.1,7184
01-03-2006,9168.1,298060,3.7,8.7,7072
01-04-2006,9223.3,298281,3.4,8.4,7120
01-05-2006,9254.1,298496,3.2,8.5,6980
01-06-2006,9283.8,298739,3.4,7.3,7001
01-07-2006,9360.4,298996,2.9,8,7175
01-08-2006,9368.6,299263,3,8.4,7091
01-09-2006,9393.9,299554,3,8,6847
01-10-2006,9413.3,299835,3.1,7.9,6727
01-11-2006,9431.2,300094,3.2,8.3,6872
01-12-2006,9516.5,300340,3,7.5,6762
01-01-2007,9553.1,300574,3,8.3,7116
01-02-2007,9590.8,300802,3.3,8.5,6927
01-03-2007,9631.6,301021,3.6,9.1,6731
01-04-2007,9670.6,301254,3.2,8.6,6850
01-05-2007,9708.9,301483,3,8.2,6766
01-06-2007,9723.3,301739,2.8,7.7,6979
01-07-2007,9759.6,302004,2.8,8.7,7149
01-08-2007,9800.6,302267,2.6,8.8,7067
01-09-2007,9837.5,302546,2.8,8.7,7170
01-10-2007,9853.9,302807,2.8,8.4,7237
01-11-2007,9928.6,303054,2.5,8.6,7240
01-12-2007,9947.6,303287,3,8.4,7645
01-01-2008,9963.2,303506,3.4,9,7685
01-02-2008,9955.7,303711,3.9,8.7,7497
01-03-2008,10004.2,303907,4,8.7,7822
01-04-2008,10044.6,304117,3.5,9.4,7637
01-05-2008,10093.3,304323,7.9,7.9,8395
01-06-2008,10149.4,304556,5.6,9,8575
01-07-2008,10151.1,304798,4.4,9.7,8937
01-08-2008,10140.3,305045,3.7,9.7,9438
01-09-2008,10083.2,305309,4.4,10.2,9494
01-10-2008,9983.3,305554,5.4,10.4,10074
01-11-2008,9851.2,305786,6.3,9.8,10538
01-12-2008,9744.2,306004,6.5,10.5,11286
01-01-2009,9792.1,306208,6.5,10.7,12058
01-02-2009,9775.7,306402,5.9,11.7,12898
01-03-2009,9742.9,306588,6.1,12.3,13426
01-04-2009,9741.9,306787,6.7,13.1,13853
01-05-2009,9759.7,306984,8.1,14.2,14499
01-06-2009,9807.6,307206,6.7,17.2,14707
01-07-2009,9835.2,307439,6,16,14601
01-08-2009,9961.9,307685,4.9,16.3,14814
01-09-2009,9875.4,307946,5.9,17.8,15009
01-10-2009,9924.6,308189,5.4,18.9,15352
01-11-2009,9946.1,308418,5.7,19.8,15219
01-12-2009,10000.6,308633,5.7,20.1,15098
01-01-2010,10003.4,308833,5.6,20,15046
01-02-2010,10034.7,309027,5.2,19.9,15113
01-03-2010,10095.5,309212,5,20.4,15202
01-04-2010,10106.9,309191,5.6,22.1,15325
01-05-2010,10140.2,309376,6,22.3,14849
01-06-2010,10165.9,309562,5.9,25.2,14474
01-07-2010,10184.3,309767,5.9,22.3,14512
01-08-2010,10247.1,309989,5.8,21,14648
01-09-2010,10268.9,310218,5.6,20.3,14579
01-10-2010,10343.7,310451,5.4,21.2,14516
01-11-2010,10399.8,310657,5.3,21,15081
01-12-2010,10436.1,310853,5.9,21.9,14348
01-01-2011,10474.7,311042,6.2,21.6,14046
01-02-2011,10512.4,311205,6.4,21.1,13828
01-03-2011,10583.5,311367,6,21.5,13728
01-04-2011,10624.6,311548,5.9,20.9,13956
01-05-2011,10653.1,311729,5.9,21.6,13853
01-06-2011,10676.4,311923,6.1,22.3,13958
01-07-2011,10727.1,312139,6.3,22,13756
01-08-2011,10745.6,312355,6.2,22.4,13806
01-09-2011,10790.6,312587,5.7,22,13929
01-10-2011,10827.6,312810,5.5,20.5,13599
01-11-2011,10828.7,313003,5.6,20.9,13309
01-12-2011,10827.3,313191,6.4,20.5,13071
01-01-2012,10905.5,313373,6.6,21,12812
01-02-2012,10979.2,313537,6.7,19.8,12828
01-03-2012,10994.3,313705,6.9,19.2,12696
01-04-2012,11030.2,313881,7,19.1,12636
01-05-2012,11029,314052,7,19.9,12668
01-06-2012,11032.5,314247,7.1,20.1,12688
01-07-2012,11074.8,314449,6.6,17.5,12657
01-08-2012,11104.8,314673,6.4,18.5,12449
01-09-2012,11179.6,314909,6.5,18.8,12106
01-10-2012,11199.9,315129,7.1,19.7,12141
01-11-2012,11222.8,315341,8.2,18.5,12026
01-12-2012,11245.2,315532,10.5,17.6,12272
01-01-2013,11303.2,315701,4.5,16.2,12497
01-02-2013,11371.4,315869,4.7,17.5,11967
01-03-2013,11378.8,316041,4.9,17.7,11653
01-04-2013,11373.3,316220,5.1,17.1,11735
01-05-2013,11407.1,316395,5.2,17,11671
01-06-2013,11462.4,316594,5.3,16.6,11736
01-07-2013,11484.7,316799,5.1,16.3,11357
01-08-2013,11511.6,317019,5.3,16.8,11241
01-09-2013,11559.6,317253,5.2,16.5,11251
01-10-2013,11602.1,317470,4.7,16.1,11161
01-11-2013,11671.5,317679,4.3,17,10814
01-12-2013,11686.3,317867,4.1,17,10376
01-01-2014,11663.9,318032,4.9,15.9,10280
01-02-2014,11714.4,318200,5,16.2,10387
01-03-2014,11807.1,318373,4.8,15.9,10384
01-04-2014,11825.2,318552,5,15.6,9696
01-05-2014,11864.3,318728,5.1,14.5,9761
01-06-2014,11922.6,318927,5.1,13.2,9453
01-07-2014,11944.4,319133,5.1,13.5,9648
01-08-2014,12017,319354,4.7,13.3,9568
01-09-2014,12044.6,319588,4.6,13.3,9237
01-10-2014,12096.4,319804,4.6,13.5,8983
01-11-2014,12142.2,320013,4.5,12.8,9071
01-12-2014,12122,320201,5,12.6,8688
01-01-2015,12080.8,320367,5.5,13.4,8979
01-02-2015,12095.9,320534,5.7,13.1,8705
01-03-2015,12161.5,320707,5.2,12.2,8575
01-04-2015,12158.9,320887,5.6,11.7,8549
